Order ID,Order Date,Product Category,Product Name,Region,Sales,Profit,Quantity,Customer Segment
CA-2025-100771,2024-01-01,Furniture,Adjustable Side Table,North,221.81,-3.9,3,Home Office
CA-2024-100267,2024-01-02,Technology,Dell XPS 13 Laptop,East,6906.49,1640.53,7,Consumer
CA-2025-100474,2024-01-03,Technology,Dell XPS 13 Laptop,South,5871.19,1621.62,6,Consumer
CA-2024-100472,2024-01-03,Technology,Anker USB-C Hub,North,336.3,89.18,8,Corporate
CA-2025-100011,2024-01-03,Furniture,5-Shelf Bookshelf,North,1134.58,-53.27,8,Home Office
CA-2024-100188,2024-01-03,Furniture,5-Shelf Bookshelf,North,449.79,-24.66,3,Consumer
CA-2024-100571,2024-01-03,Technology,HP EliteBook Laptop,West,826.64,203.46,1,Consumer
CA-2025-100377,2024-01-03,Technology,Netgear Wireless Router,East,657.33,147.25,5,Corporate
CA-2024-100752,2024-01-04,Technology,Dell XPS 13 Laptop,West,2002.59,550.99,2,Corporate
CA-2025-100663,2024-01-04,Office Supplies,Heavy Duty 3-Ring Binder,East,24.01,4.74,2,Home Office
CA-2025-100894,2024-01-06,Technology,Dell XPS 13 Laptop,West,7683.35,1711.23,8,Home Office
CA-2024-100978,2024-01-06,Furniture,Standing Desk,North,1698.92,28.92,4,Home Office
CA-2024-100397,2024-01-07,Furniture,Ergonomic Office Chair,North,726.63,33.0,3,Home Office
CA-2025-101108,2024-01-07,Technology,HP EliteBook Laptop,North,4030.23,986.91,5,Home Office
CA-2024-100802,2024-01-07,Office Supplies,Multi-color Sticky Notes (5-pack),South,16.87,4.0,2,Consumer
CA-2024-100746,2024-01-08,Technology,Logitech MX Master 3 Mouse,East,106.44,34.35,1,Corporate
CA-2025-100947,2024-01-08,Office Supplies,Heavy Duty 3-Ring Binder,West,88.36,16.12,7,Home Office
CA-2025-100404,2024-01-09,Furniture,5-Shelf Bookshelf,South,149.81,-7.52,1,Home Office
CA-2025-100136,2024-01-10,Technology,Anker USB-C Hub,East,299.05,86.57,8,Home Office
CA-2024-100097,2024-01-10,Furniture,Solid Wood Coffee Table,East,1705.85,121.49,8,Corporate
CA-2024-100969,2024-01-11,Furniture,Solid Wood Coffee Table,North,840.26,66.18,4,Home Office
CA-2024-100578,2024-01-11,Technology,Anker USB-C Hub,South,211.61,66.19,5,Home Office
CA-2025-100987,2024-01-11,Furniture,Standing Desk,East,2976.12,57.74,8,Corporate
CA-2025-100416,2024-01-13,Furniture,Standing Desk,West,2235.79,49.89,6,Home Office
CA-2025-100695,2024-01-13,Technology,HP EliteBook Laptop,West,5090.55,1083.22,6,Home Office
CA-2025-100165,2024-01-13,Office Supplies,Multi-color Sticky Notes (5-pack),South,24.34,5.49,3,Corporate
CA-2024-101124,2024-01-13,Office Supplies,Premium Printer Paper (Ream),North,16.26,2.26,1,Home Office
CA-2024-100425,2024-01-13,Technology,Dell XPS 13 Laptop,South,4261.51,958.57,4,Home Office
CA-2024-100637,2024-01-14,Technology,Anker USB-C Hub,West,288.88,76.37,7,Corporate
CA-2024-100561,2024-01-14,Technology,Dell XPS 13 Laptop,East,950.15,223.39,1,Corporate
CA-2025-100989,2024-01-14,Technology,Dell XPS 13 Laptop,East,7329.82,1779.29,7,Corporate
CA-2024-100140,2024-01-15,Furniture,Standing Desk,East,2781.6,54.0,7,Home Office
CA-2025-100112,2024-01-17,Technology,Netgear Wireless Router,South,657.96,123.17,5,Consumer
CA-2025-100296,2024-01-17,Technology,Logitech MX Master 3 Mouse,North,192.01,70.31,2,Consumer
CA-2025-100820,2024-01-17,Office Supplies,Premium Printer Paper (Ream),North,58.49,9.1,4,Consumer
CA-2024-101107,2024-01-18,Technology,Netgear Wireless Router,South,871.52,195.29,7,Home Office
CA-2025-100458,2024-01-19,Office Supplies,Gel Pens (12-pack),East,51.93,14.85,5,Corporate
CA-2025-100753,2024-01-19,Office Supplies,Heavy Duty 3-Ring Binder,West,52.17,10.59,4,Corporate
CA-2025-100619,2024-01-20,Technology,HP EliteBook Laptop,South,5166.38,1188.98,6,Corporate
CA-2024-100387,2024-01-21,Furniture,Adjustable Side Table,West,423.14,-7.75,5,Home Office
CA-2025-100751,2024-01-22,Technology,HP EliteBook Laptop,West,4228.72,1043.62,5,Corporate
CA-2025-100102,2024-01-23,Furniture,5-Shelf Bookshelf,West,1033.07,-44.89,7,Consumer
CA-2025-100699,2024-01-25,Office Supplies,Premium Printer Paper (Ream),West,16.04,2.65,1,Corporate
CA-2024-100470,2024-01-25,Technology,Apple iPad Air,West,2587.15,764.48,4,Home Office
CA-2024-100000,2024-01-26,Office Supplies,Premium Printer Paper (Ream),West,30.73,3.96,2,Home Office
CA-2024-100620,2024-01-27,Office Supplies,Multi-color Sticky Notes (5-pack),West,51.32,12.74,6,Corporate
CA-2024-100815,2024-01-27,Office Supplies,Desktop Stapler,South,153.42,30.98,8,Home Office
CA-2024-100153,2024-01-27,Furniture,Solid Wood Coffee Table,East,1264.54,116.33,6,Consumer
CA-2024-100430,2024-01-27,Office Supplies,Heavy Duty 3-Ring Binder,North,107.02,20.18,8,Consumer
CA-2025-101146,2024-01-29,Furniture,Ergonomic Office Chair,North,246.19,11.62,1,Consumer
CA-2025-100625,2024-01-30,Technology,Logitech MX Master 3 Mouse,South,656.88,221.43,7,Home Office
CA-2024-100085,2024-01-30,Technology,Dell XPS 13 Laptop,North,7217.21,1550.05,7,Consumer
CA-2024-100274,2024-01-30,Furniture,Adjustable Side Table,East,556.8,-11.82,7,Consumer
CA-2025-100276,2024-01-31,Technology,Apple iPad Air,North,3167.13,914.58,5,Corporate
CA-2024-100256,2024-01-31,Furniture,Leather Executive Sofa,North,4301.75,389.9,5,Home Office
CA-2025-101022,2024-01-31,Technology,Dell XPS 13 Laptop,West,935.54,231.18,1,Corporate
CA-2025-100849,2024-01-31,Technology,Dell XPS 13 Laptop,East,4118.57,923.56,4,Consumer
CA-2025-101163,2024-02-01,Office Supplies,Stainless Steel Scissors,South,18.08,11.495000000000001,3,Home Office
CA-2024-101117,2024-02-01,Office Supplies,Desktop Stapler,South,97.06,20.11,5,Consumer
CA-2024-100696,2024-02-01,Office Supplies,Heavy Duty 3-Ring Binder,North,95.46,19.56,7,Corporate
CA-2024-101158,2024-02-01,Office Supplies,Premium Printer Paper (Ream),West,15.38,2.26,1,Home Office
CA-2024-100332,2024-02-03,Technology,Netgear Wireless Router,West,681.5,135.79,5,Corporate
CA-2025-100283,2024-02-04,Technology,Netgear Wireless Router,North,248.52,53.15,2,Home Office
CA-2025-101016,2024-02-05,Technology,Logitech MX Master 3 Mouse,East,804.05,302.31,8,Corporate
CA-2025-100173,2024-02-06,Office Supplies,Stainless Steel Scissors,West,25.04,6.26,4,Home Office
CA-2024-100878,2024-02-06,Office Supplies,Stainless Steel Scissors,East,48.67,11.73,8,Corporate
CA-2024-100489,2024-02-07,Technology,Anker USB-C Hub,South,271.28,74.3,7,Home Office
CA-2025-100264,2024-02-07,Technology,Dell XPS 13 Laptop,North,2003.41,452.51,2,Consumer
CA-2024-100840,2024-02-07,Furniture,Solid Wood Coffee Table,South,208.24,16.44,1,Corporate
CA-2024-100528,2024-02-08,Office Supplies,Heavy Duty 3-Ring Binder,North,38.45,7.33,3,Home Office
CA-2024-100293,2024-02-08,Office Supplies,Desktop Stapler,West,19.33,4.38,4,Corporate
CA-2024-100575,2024-02-09,Furniture,Ergonomic Office Chair,West,711.13,39.12,3,Home Office
CA-2025-100555,2024-02-09,Furniture,Ergonomic Office Chair,North,272.25,14.13,1,Home Office
CA-2024-101033,2024-02-11,Technology,Dell XPS 13 Laptop,North,6683.67,1468.79,7,Consumer
CA-2025-100195,2024-02-11,Furniture,5-Shelf Bookshelf,North,702.27,-34.76,5,Consumer
CA-2025-101081,2024-02-12,Furniture,Leather Executive Sofa,West,6259.26,599.26,7,Consumer
CA-2025-100543,2024-02-12,Office Supplies,Stainless Steel Scissors,East,6.27,1.67,1,Corporate
CA-2025-101157,2024-02-12,Office Supplies,Heavy Duty 3-Ring Binder,East,14.02,2.37,1,Corporate
CA-2024-100954,2024-02-13,Furniture,5-Shelf Bookshelf,South,474.3,-21.75,3,Corporate
CA-2024-100972,2024-02-13,Furniture,Leather Executive Sofa,North,937.33,95.17,1,Corporate
CA-2025-101127,2024-02-13,Office Supplies,Gel Pens (12-pack),East,20.47,5.46,2,Home Office
CA-2025-100302,2024-02-14,Technology,Anker USB-C Hub,West,75.84,20.95,2,Consumer
CA-2025-100748,2024-02-15,Furniture,5-Shelf Bookshelf,South,1286.55,-62.73,8,Home Office
CA-2025-100015,2024-02-15,Technology,Logitech MX Master 3 Mouse,North,719.82,222.6,7,Home Office
CA-2024-100513,2024-02-16,Technology,Netgear Wireless Router,West,414.84,73.01,3,Home Office
CA-2025-101049,2024-02-16,Office Supplies,Heavy Duty 3-Ring Binder,West,13.71,2.29,1,Home Office
CA-2025-100795,2024-02-17,Technology,HP EliteBook Laptop,East,5158.13,1200.82,6,Consumer
CA-2024-100991,2024-02-18,Technology,Logitech MX Master 3 Mouse,North,100.22,32.7,1,Consumer
CA-2025-100931,2024-02-19,Technology,Apple iPad Air,West,4487.85,1398.08,7,Home Office
CA-2024-100893,2024-02-20,Technology,Anker USB-C Hub,West,218.77,64.83,5,Corporate
CA-2024-101134,2024-02-20,Office Supplies,Stainless Steel Scissors,South,39.13,10.65,6,Consumer
CA-2024-100088,2024-02-21,Furniture,Leather Executive Sofa,South,1817.4,202.59,2,Home Office
CA-2024-100034,2024-02-22,Furniture,Leather Executive Sofa,East,868.0,94.9,1,Corporate
CA-2024-101187,2024-02-23,Office Supplies,Multi-color Sticky Notes (5-pack),East,70.17,13.52,8,Consumer
CA-2025-100116,2024-02-24,Technology,Apple iPad Air,East,4615.24,1224.96,7,Home Office
CA-2025-101087,2024-02-26,Furniture,Leather Executive Sofa,South,5091.4,520.21,6,Consumer
CA-2025-101166,2024-02-26,Office Supplies,Multi-color Sticky Notes (5-pack),South,38.06,9.1,5,Home Office
CA-2024-100838,2024-02-28,Office Supplies,Gel Pens (12-pack),South,76.5,21.81,8,Consumer
CA-2025-101152,2024-02-29,Furniture,Adjustable Side Table,North,80.41,-1.4,1,Corporate
CA-2025-100963,2024-02-29,Furniture,Adjustable Side Table,North,172.56,-3.43,2,Home Office
CA-2025-100132,2024-03-01,Furniture,Adjustable Side Table,West,517.62,-11.16,6,Consumer
CA-2024-100381,2024-03-01,Office Supplies,Premium Printer Paper (Ream),East,100.61,13.47,7,Consumer
CA-2024-100565,2024-03-01,Furniture,5-Shelf Bookshelf,North,149.3,-7.61,1,Corporate
CA-2025-100872,2024-03-02,Technology,Netgear Wireless Router,East,929.93,185.68,7,Home Office
CA-2025-100285,2024-03-03,Office Supplies,Desktop Stapler,West,102.18,21.2,5,Consumer
CA-2025-100152,2024-03-03,Technology,Logitech MX Master 3 Mouse,West,418.73,159.84,4,Consumer
CA-2025-100608,2024-03-03,Technology,HP EliteBook Laptop,South,846.38,193.68,1,Consumer
CA-2024-100101,2024-03-04,Office Supplies,Multi-color Sticky Notes (5-pack),West,61.55,12.34,8,Corporate
CA-2024-100150,2024-03-04,Technology,HP EliteBook Laptop,South,1766.96,360.61,2,Home Office
CA-2025-101120,2024-03-04,Technology,Apple iPad Air,West,3890.11,1169.03,6,Consumer
CA-2025-100985,2024-03-05,Furniture,Solid Wood Coffee Table,South,207.0,17.03,1,Consumer
CA-2025-101092,2024-03-05,Office Supplies,Heavy Duty 3-Ring Binder,North,79.76,16.27,6,Home Office
CA-2025-100906,2024-03-06,Technology,Netgear Wireless Router,East,429.85,82.34,3,Home Office
CA-2024-100973,2024-03-06,Office Supplies,Heavy Duty 3-Ring Binder,West,83.21,15.03,6,Consumer
CA-2025-101173,2024-03-06,Furniture,Leather Executive Sofa,East,5855.4,532.57,6,Consumer
CA-2024-100420,2024-03-07,Furniture,Ergonomic Office Chair,East,720.0,37.0,3,Consumer
CA-2024-101046,2024-03-07,Office Supplies,Multi-color Sticky Notes (5-pack),South,55.24,13.15,7,Consumer
CA-2024-100258,2024-03-08,Technology,Apple iPad Air,South,2437.46,739.04,4,Corporate
CA-2024-100168,2024-03-08,Furniture,Adjustable Side Table,South,77.9,-1.73,1,Home Office
CA-2025-100736,2024-03-08,Technology,Apple iPad Air,South,5178.05,1381.45,8,Consumer
CA-2025-101162,2024-03-09,Office Supplies,Desktop Stapler,West,61.74,11.68,3,Consumer
CA-2025-101062,2024-03-10,Office Supplies,Gel Pens (12-pack),West,81.1,18.08,8,Home Office
CA-2025-100462,2024-03-10,Furniture,Leather Executive Sofa,East,2683.09,305.0,3,Home Office
CA-2024-100137,2024-03-11,Office Supplies,Multi-color Sticky Notes (5-pack),West,33.55,6.61,4,Corporate
CA-2025-101177,2024-03-11,Office Supplies,Premium Printer Paper (Ream),West,16.52,2.78,1,Corporate
CA-2025-100651,2024-03-12,Technology,HP EliteBook Laptop,South,4910.28,1139.63,6,Home Office
CA-2024-100720,2024-03-12,Furniture,Ergonomic Office Chair,North,1715.95,95.87,7,Consumer
CA-2025-100662,2024-03-12,Technology,Netgear Wireless Router,North,745.77,157.42,6,Consumer
CA-2024-100445,2024-03-13,Office Supplies,Stainless Steel Scissors,West,18.26,3.93,3,Corporate
CA-2025-100235,2024-03-14,Office Supplies,Desktop Stapler,West,42.09,8.96,2,Corporate
CA-2024-100971,2024-03-14,Furniture,Leather Executive Sofa,East,5791.05,614.05,6,Home Office
CA-2024-100249,2024-03-14,Furniture,Leather Executive Sofa,East,6349.04,575.95,7,Home Office
CA-2024-100108,2024-03-15,Technology,Netgear Wireless Router,West,718.69,122.84,5,Consumer
CA-2025-100156,2024-03-15,Furniture,Adjustable Side Table,East,266.09,-5.69,3,Corporate
CA-2025-100196,2024-03-15,Office Supplies,Premium Printer Paper (Ream),West,45.71,6.93,3,Home Office
CA-2024-100550,2024-03-16,Office Supplies,Premium Printer Paper (Ream),South,104.52,15.57,7,Corporate
CA-2024-100461,2024-03-17,Office Supplies,Multi-color Sticky Notes (5-pack),North,22.91,4.57,3,Corporate
CA-2024-100536,2024-03-19,Furniture,Solid Wood Coffee Table,South,818.14,61.58,4,Home Office
CA-2025-100584,2024-03-23,Technology,HP EliteBook Laptop,South,2713.8,658.95,3,Home Office
CA-2025-100078,2024-03-25,Office Supplies,Desktop Stapler,South,95.42,16.68,5,Consumer
CA-2024-100129,2024-03-25,Office Supplies,Heavy Duty 3-Ring Binder,North,63.63,11.31,5,Corporate
CA-2025-100072,2024-03-26,Technology,Logitech MX Master 3 Mouse,West,878.81,347.31,8,Consumer
CA-2024-100026,2024-03-26,Office Supplies,Desktop Stapler,South,133.77,26.39,7,Consumer
CA-2024-100282,2024-03-27,Technology,Anker USB-C Hub,South,1147.6,36.15,3,Home Office
CA-2025-100562,2024-03-27,Technology,Dell XPS 13 Laptop,South,2905.0,745.47,3,Consumer
CA-2025-100428,2024-03-28,Furniture,Unknown Product,East,1032.05,54.28,4,Consumer
CA-2025-100211,2024-03-28,Technology,Apple iPad Air,South,4420.28,1347.07,7,Consumer
CA-2024-100529,2024-03-29,Office Supplies,Heavy Duty 3-Ring Binder,West,84.3,15.48,6,Consumer
CA-2024-100491,2024-03-30,Technology,Dell XPS 13 Laptop,South,2117.42,529.89,2,Corporate
CA-2024-100636,2024-03-31,Office Supplies,Multi-color Sticky Notes (5-pack),North,57.27,13.12,7,Home Office
CA-2025-100378,2024-04-01,Office Supplies,Stainless Steel Scissors,South,37.53,10.25,6,Consumer
CA-2025-100356,2024-04-01,Technology,HP EliteBook Laptop,South,2484.75,545.14,3,Corporate
CA-2025-101010,2024-04-02,Furniture,Adjustable Side Table,South,526.84,-11.55,6,Consumer
CA-2025-100050,2024-04-02,Furniture,Ergonomic Office Chair,East,1314.76,72.1,5,Corporate
CA-2025-100053,2024-04-03,Office Supplies,Gel Pens (12-pack),East,32.54,7.42,3,Corporate
CA-2024-100895,2024-04-03,Technology,Netgear Wireless Router,East,290.69,60.88,2,Consumer
CA-2025-100716,2024-04-03,Office Supplies,Desktop Stapler,East,104.49,21.49,5,Home Office
CA-2024-100690,2024-04-04,Furniture,5-Shelf Bookshelf,East,1226.44,-53.27,8,Corporate
CA-2024-100487,2024-04-04,Furniture,5-Shelf Bookshelf,West,1241.39,36.59,8,Corporate
CA-2024-100808,2024-04-06,Furniture,5-Shelf Bookshelf,East,820.95,-39.8,5,Corporate
CA-2025-100902,2024-04-07,Office Supplies,Stainless Steel Scissors,West,51.28,10.66,8,Corporate
CA-2024-100585,2024-04-08,Furniture,Standing Desk,West,2957.87,59.76,7,Corporate
CA-2024-100087,2024-04-09,Technology,Logitech MX Master 3 Mouse,South,593.36,186.45,6,Consumer
CA-2025-101058,2024-04-10,Technology,HP EliteBook Laptop,North,1724.92,352.11,2,Corporate
CA-2024-100913,2024-04-11,Office Supplies,Multi-color Sticky Notes (5-pack),East,68.95,16.02,8,Home Office
CA-2025-101179,2024-04-11,Technology,Logitech MX Master 3 Mouse,South,547.14,174.46,5,Home Office
CA-2025-100033,2024-04-12,Technology,Logitech MX Master 3 Mouse,North,301.26,120.44,3,Corporate
CA-2024-101056,2024-04-13,Furniture,Ergonomic Office Chair,South,1881.87,91.39,7,Home Office
CA-2025-100641,2024-04-13,Office Supplies,Heavy Duty 3-Ring Binder,North,42.29,6.93,3,Corporate
CA-2024-100994,2024-04-14,Technology,Anker USB-C Hub,East,274.51,74.57,7,Home Office
CA-2024-101104,2024-04-15,Furniture,Adjustable Side Table,West,460.72,-10.43,6,Home Office
CA-2025-100118,2024-04-15,Technology,Dell XPS 13 Laptop,East,6732.24,1639.54,7,Home Office
CA-2024-100570,2024-04-15,Office Supplies,Gel Pens (12-pack),West,32.75,8.4,3,Home Office
CA-2025-100643,2024-04-16,Office Supplies,Premium Printer Paper (Ream),East,15.01,2.02,1,Consumer
CA-2024-100190,2024-04-16,Furniture,Adjustable Side Table,North,321.8,-7.33,4,Corporate
CA-2025-100812,2024-04-17,Office Supplies,Premium Printer Paper (Ream),West,43.74,6.7,3,Consumer
CA-2025-101051,2024-04-18,Furniture,Ergonomic Office Chair,East,832.6,43.84,3,Corporate
CA-2025-100189,2024-04-20,Furniture,Ergonomic Office Chair,East,842.05,35.84,3,Corporate
CA-2024-100426,2024-04-21,Office Supplies,Multi-color Sticky Notes (5-pack),West,60.34,11.31,7,Home Office
CA-2025-100407,2024-04-21,Furniture,Solid Wood Coffee Table,North,580.37,49.06,3,Consumer
CA-2025-100376,2024-04-22,Technology,Logitech MX Master 3 Mouse,North,204.88,82.27,2,Home Office
CA-2025-100837,2024-04-22,Furniture,Ergonomic Office Chair,West,483.06,21.61,2,Home Office
CA-2024-100496,2024-04-23,Furniture,Solid Wood Coffee Table,East,586.92,46.87,3,Corporate
CA-2025-100610,2024-04-24,Technology,Apple iPad Air,North,1787.46,539.59,3,Corporate
CA-2025-100986,2024-04-25,Furniture,Leather Executive Sofa,North,5389.36,576.62,6,Home Office
CA-2025-100353,2024-04-25,Office Supplies,Gel Pens (12-pack),North,33.07,11.495000000000001,3,Consumer
CA-2025-100121,2024-04-26,Office Supplies,Gel Pens (12-pack),West,89.66,20.46,8,Home Office
CA-2024-100268,2024-04-26,Office Supplies,Premium Printer Paper (Ream),South,16.54,2.25,1,Home Office
CA-2025-100278,2024-04-27,Office Supplies,Multi-color Sticky Notes (5-pack),North,24.35,5.21,3,Consumer
CA-2025-100457,2024-04-27,Furniture,Adjustable Side Table,South,173.07,-3.46,2,Corporate
CA-2024-100197,2024-04-27,Office Supplies,Premium Printer Paper (Ream),West,67.46,10.67,4,Home Office
CA-2024-100522,2024-04-27,Technology,Dell XPS 13 Laptop,East,3926.4,841.62,4,Consumer
CA-2025-100382,2024-04-27,Furniture,Ergonomic Office Chair,South,1938.09,100.79,8,Corporate
CA-2024-100992,2024-04-29,Furniture,5-Shelf Bookshelf,South,1148.52,-51.99,7,Consumer
CA-2024-100313,2024-04-29,Technology,Logitech MX Master 3 Mouse,West,299.8,111.45,3,Corporate
CA-2024-100475,2024-04-30,Office Supplies,Stainless Steel Scissors,South,43.09,10.97,7,Consumer
CA-2025-100471,2024-05-01,Furniture,Ergonomic Office Chair,West,1599.62,84.29,6,Corporate
CA-2025-100348,2024-05-01,Technology,Anker USB-C Hub,West,329.49,96.81,8,Corporate
CA-2024-100697,2024-05-02,Furniture,Standing Desk,South,445.6,10.07,1,Consumer
CA-2024-100920,2024-05-02,Technology,Logitech MX Master 3 Mouse,North,695.3,248.28,7,Home Office
CA-2025-100294,2024-05-04,Office Supplies,Multi-color Sticky Notes (5-pack),North,8.57,2.14,1,Corporate
CA-2024-100883,2024-05-04,Technology,Dell XPS 13 Laptop,West,977.47,245.98,1,Consumer
CA-2025-100884,2024-05-04,Technology,Netgear Wireless Router,North,263.99,59.41,2,Corporate
CA-2025-100621,2024-05-06,Furniture,Ergonomic Office Chair,West,2069.55,94.34,8,Consumer
CA-2025-100319,2024-05-07,Office Supplies,Stainless Steel Scissors,South,23.31,6.04,4,Corporate
CA-2024-100238,2024-05-08,Furniture,Standing Desk,North,433.78,8.31,1,Home Office
CA-2025-100665,2024-05-08,Office Supplies,Premium Printer Paper (Ream),South,125.09,18.14,8,Corporate
CA-2025-100400,2024-05-09,Office Supplies,Multi-color Sticky Notes (5-pack),West,15.93,3.39,2,Consumer
CA-2024-100056,2024-05-09,Furniture,Solid Wood Coffee Table,North,1045.16,86.26,5,Home Office
CA-2024-100432,2024-05-10,Furniture,Ergonomic Office Chair,South,2161.59,99.68,8,Corporate
CA-2024-100714,2024-05-10,Furniture,Solid Wood Coffee Table,South,856.04,64.12,4,Home Office
CA-2024-101039,2024-05-10,Office Supplies,Stainless Steel Scissors,East,6.47,1.44,1,Consumer
CA-2024-101191,2024-05-11,Technology,HP EliteBook Laptop,East,2551.46,506.78,3,Corporate
CA-2025-100953,2024-05-12,Technology,Anker USB-C Hub,East,244.92,81.23,6,Consumer
CA-2024-100508,2024-05-13,Technology,Logitech MX Master 3 Mouse,South,701.33,229.11,7,Home Office
CA-2025-100870,2024-05-13,Office Supplies,Gel Pens (12-pack),North,20.72,4.92,2,Corporate
CA-2024-100054,2024-05-13,Office Supplies,Premium Printer Paper (Ream),East,15.45,2.52,1,Consumer
CA-2024-100230,2024-05-14,Office Supplies,Gel Pens (12-pack),East,83.88,23.3,8,Corporate
CA-2024-100826,2024-05-14,Office Supplies,Heavy Duty 3-Ring Binder,North,80.13,12.41,6,Consumer
CA-2024-100323,2024-05-14,Technology,Apple iPad Air,North,5380.03,1550.54,8,Corporate
CA-2025-100807,2024-05-15,Furniture,Leather Executive Sofa,North,3767.76,421.02,4,Consumer
CA-2025-100212,2024-05-15,Technology,Dell XPS 13 Laptop,South,3154.18,815.69,3,Home Office
CA-2025-101116,2024-05-15,Technology,Netgear Wireless Router,South,929.24,199.36,7,Corporate
CA-2024-100248,2024-05-15,Furniture,Ergonomic Office Chair,East,519.15,25.45,2,Corporate
CA-2025-100206,2024-05-17,Furniture,Solid Wood Coffee Table,East,216.75,19.15,1,Corporate
CA-2024-101086,2024-05-17,Technology,Logitech MX Master 3 Mouse,East,781.0,289.33,7,Home Office
CA-2024-101112,2024-05-18,Office Supplies,Heavy Duty 3-Ring Binder,West,38.98,6.83,3,Home Office
CA-2025-100868,2024-05-19,Furniture,Solid Wood Coffee Table,North,1597.97,134.83,7,Consumer
CA-2024-100960,2024-05-19,Technology,HP EliteBook Laptop,South,3811.45,770.53,4,Consumer
CA-2024-100148,2024-05-19,Office Supplies,Heavy Duty 3-Ring Binder,East,81.16,14.77,6,Corporate
CA-2024-100201,2024-05-19,Office Supplies,Desktop Stapler,North,129.26,22.06,6,Consumer
CA-2024-101151,2024-05-20,Technology,Netgear Wireless Router,North,401.92,85.57,3,Corporate
CA-2025-100949,2024-05-20,Office Supplies,Stainless Steel Scissors,West,38.58,9.87,6,Consumer
CA-2025-101190,2024-05-21,Technology,Logitech MX Master 3 Mouse,East,729.69,219.89,7,Consumer
CA-2024-100850,2024-05-21,Office Supplies,Desktop Stapler,East,138.96,26.21,7,Corporate
CA-2024-100315,2024-05-22,Office Supplies,Multi-color Sticky Notes (5-pack),North,33.53,6.47,4,Corporate
CA-2025-100138,2024-05-23,Technology,Logitech MX Master 3 Mouse,West,552.96,204.6,5,Home Office
CA-2025-100205,2024-05-23,Office Supplies,Gel Pens (12-pack),East,11.11,2.84,1,Consumer
CA-2025-100010,2024-05-23,Furniture,Standing Desk,South,786.09,18.08,2,Consumer
CA-2024-101078,2024-05-25,Office Supplies,Heavy Duty 3-Ring Binder,South,12.67,2.34,1,Corporate
CA-2024-100930,2024-05-25,Technology,Dell XPS 13 Laptop,South,6007.98,1440.15,6,Home Office
CA-2024-100448,2024-05-26,Furniture,Solid Wood Coffee Table,East,872.14,68.06,4,Home Office
CA-2025-100648,2024-05-27,Office Supplies,Stainless Steel Scissors,North,38.64,10.04,6,Home Office
CA-2025-101165,2024-05-27,Technology,Anker USB-C Hub,East,45.67,15.28,1,Home Office
CA-2025-101020,2024-05-27,Technology,Unknown Product,North,401.89,123.77,4,Home Office
CA-2024-100732,2024-05-29,Office Supplies,Heavy Duty 3-Ring Binder,North,102.47,20.5,7,Corporate
CA-2025-100073,2024-05-29,Technology,Dell XPS 13 Laptop,South,8419.96,1792.56,8,Consumer
CA-2025-101115,2024-05-30,Office Supplies,Stainless Steel Scissors,North,26.87,7.17,4,Home Office
CA-2025-100330,2024-05-30,Furniture,Ergonomic Office Chair,North,736.29,39.44,3,Corporate
CA-2024-100279,2024-05-30,Office Supplies,Gel Pens (12-pack),North,80.72,21.28,8,Home Office
CA-2024-101095,2024-06-01,Furniture,Leather Executive Sofa,East,6113.3,602.97,6,Home Office
CA-2024-101186,2024-06-01,Furniture,Ergonomic Office Chair,North,2478.62,117.12,8,Home Office
CA-2025-101136,2024-06-01,Technology,Apple iPad Air,South,5033.0,1297.09,4,Corporate
CA-2025-100042,2024-06-01,Furniture,Solid Wood Coffee Table,North,1698.26,128.6,7,Home Office
CA-2025-100065,2024-06-03,Furniture,Ergonomic Office Chair,South,298.44,13.02,1,Corporate
CA-2025-100100,2024-06-05,Furniture,Adjustable Side Table,North,815.33,-17.78,8,Home Office
CA-2024-100728,2024-06-05,Office Supplies,Gel Pens (12-pack),East,12.23,3.42,1,Consumer
CA-2025-100161,2024-06-06,Technology,Logitech MX Master 3 Mouse,South,932.21,279.85,8,Corporate
CA-2024-100368,2024-06-06,Office Supplies,Premium Printer Paper (Ream),West,133.99,17.12,7,Consumer
CA-2025-100977,2024-06-06,Furniture,Solid Wood Coffee Table,North,501.54,40.29,2,Home Office
CA-2024-101169,2024-06-07,Office Supplies,Stainless Steel Scissors,South,23.12,4.76,3,Consumer
CA-2025-101195,2024-06-10,Furniture,Standing Desk,East,2297.23,45.57,5,Corporate
CA-2025-100682,2024-06-11,Furniture,Solid Wood Coffee Table,West,1941.32,176.15,8,Corporate
CA-2025-100135,2024-06-11,Furniture,Ergonomic Office Chair,North,853.92,44.3,3,Corporate
CA-2025-100023,2024-06-11,Office Supplies,Desktop Stapler,North,190.12,35.45,8,Home Office
CA-2024-100001,2024-06-12,Office Supplies,Desktop Stapler,North,43.57,7.66,2,Consumer
CA-2025-100888,2024-06-12,Furniture,Solid Wood Coffee Table,East,1733.71,139.53,7,Consumer
CA-2024-100070,2024-06-15,Technology,Anker USB-C Hub,West,336.41,107.57,7,Corporate
CA-2024-101053,2024-06-15,Technology,Apple iPad Air,East,5201.91,1608.12,7,Home Office
CA-2025-100131,2024-06-18,Office Supplies,Gel Pens (12-pack),West,62.38,14.04,5,Home Office
CA-2025-100854,2024-06-18,Furniture,Adjustable Side Table,East,827.29,-16.75,8,Corporate
CA-2024-100863,2024-06-18,Furniture,5-Shelf Bookshelf,South,364.74,-19.06,2,Corporate
CA-2024-100512,2024-06-19,Technology,Logitech MX Master 3 Mouse,West,838.29,265.02,7,Home Office
CA-2025-100142,2024-06-19,Furniture,Standing Desk,East,2470.01,45.89,5,Corporate
CA-2025-100204,2024-06-21,Technology,Logitech MX Master 3 Mouse,West,831.02,278.6,7,Home Office
CA-2025-100724,2024-06-21,Furniture,Standing Desk,North,2037.76,45.63,4,Corporate
CA-2024-100760,2024-06-22,Office Supplies,Stainless Steel Scissors,West,37.34,9.58,5,Consumer
CA-2024-101027,2024-06-23,Furniture,Solid Wood Coffee Table,North,1657.5,134.83,7,Home Office
CA-2024-100408,2024-06-24,Furniture,Leather Executive Sofa,West,7738.93,673.77,7,Consumer
CA-2025-101101,2024-06-24,Furniture,Solid Wood Coffee Table,West,1060.66,74.34,4,Consumer
CA-2025-100577,2024-06-26,Office Supplies,Stainless Steel Scissors,North,14.4,3.53,2,Home Office
CA-2025-100246,2024-06-26,Furniture,Adjustable Side Table,East,102.32,-2.09,1,Home Office
CA-2024-100828,2024-06-26,Office Supplies,Multi-color Sticky Notes (5-pack),West,40.1,9.82,4,Consumer
CA-2025-100729,2024-06-28,Office Supplies,Heavy Duty 3-Ring Binder,West,34.55,5.54,2,Home Office
CA-2024-100398,2024-07-01,Technology,Dell XPS 13 Laptop,North,3636.17,987.42,3,Consumer
CA-2025-100573,2024-07-01,Technology,Logitech MX Master 3 Mouse,North,1147.6,153.42,4,Corporate
CA-2024-100115,2024-07-02,Furniture,Ergonomic Office Chair,West,1462.07,67.41,5,Corporate
CA-2025-100889,2024-07-03,Furniture,Leather Executive Sofa,South,4186.89,474.37,4,Consumer
CA-2024-100857,2024-07-03,Technology,Apple iPad Air,East,1547.17,455.04,2,Home Office
CA-2025-100667,2024-07-03,Furniture,Ergonomic Office Chair,South,1665.78,87.8,5,Home Office
CA-2024-100659,2024-07-06,Office Supplies,Premium Printer Paper (Ream),North,125.47,17.61,7,Home Office
CA-2025-100718,2024-07-06,Office Supplies,Desktop Stapler,West,125.72,24.84,5,Corporate
CA-2025-100111,2024-07-07,Office Supplies,Stainless Steel Scissors,East,7.32,1.94,1,Home Office
CA-2025-100999,2024-07-07,Furniture,Adjustable Side Table,North,488.23,-10.74,5,Consumer
CA-2025-100970,2024-07-08,Furniture,Leather Executive Sofa,North,3087.83,269.93,3,Consumer
CA-2025-100162,2024-07-08,Furniture,Leather Executive Sofa,West,8873.13,814.44,8,Consumer
CA-2024-100012,2024-07-09,Technology,Netgear Wireless Router,West,652.78,112.53,4,Consumer
CA-2025-101193,2024-07-09,Office Supplies,Desktop Stapler,North,22.31,4.57,1,Corporate
CA-2025-100818,2024-07-09,Office Supplies,Gel Pens (12-pack),North,24.14,5.43,2,Consumer
CA-2024-101047,2024-07-09,Technology,Dell XPS 13 Laptop,South,7990.02,2264.75,7,Corporate
CA-2024-100579,2024-07-11,Furniture,Standing Desk,North,2319.59,44.38,5,Home Office
CA-2025-101000,2024-07-11,Furniture,5-Shelf Bookshelf,South,1546.51,-87.38,8,Home Office
CA-2024-100310,2024-07-11,Furniture,Ergonomic Office Chair,South,587.07,25.94,2,Corporate
CA-2025-100946,2024-07-11,Technology,Netgear Wireless Router,North,448.68,79.53,3,Consumer
CA-2025-100479,2024-07-11,Office Supplies,Gel Pens (12-pack),West,12.52,3.4,1,Consumer
CA-2025-101084,2024-07-12,Office Supplies,Premium Printer Paper (Ream),East,79.45,10.44,4,Consumer
CA-2024-100467,2024-07-12,Office Supplies,Desktop Stapler,North,74.3,15.7,3,Corporate
CA-2025-100956,2024-07-12,Furniture,Adjustable Side Table,South,189.76,-3.84,2,Consumer
CA-2024-100801,2024-07-13,Office Supplies,Premium Printer Paper (Ream),North,91.56,12.29,5,Corporate
CA-2025-100499,2024-07-16,Furniture,Standing Desk,North,2353.15,42.91,5,Consumer
CA-2024-100976,2024-07-16,Technology,Dell XPS 13 Laptop,East,6247.17,1700.4,5,Corporate
CA-2025-100918,2024-07-17,Technology,HP EliteBook Laptop,East,7107.32,1421.5,7,Corporate
CA-2025-100589,2024-07-21,Office Supplies,Multi-color Sticky Notes (5-pack),South,9.35,2.05,1,Corporate
CA-2024-100203,2024-07-21,Office Supplies,Multi-color Sticky Notes (5-pack),North,37.26,8.49,4,Consumer
CA-2024-100934,2024-07-21,Furniture,Solid Wood Coffee Table,North,1653.18,141.02,7,Consumer
CA-2024-100556,2024-07-22,Office Supplies,Heavy Duty 3-Ring Binder,West,130.67,21.46,8,Corporate
CA-2024-100896,2024-07-23,Technology,Dell XPS 13 Laptop,East,1147.6,285.51,1,Home Office
CA-2024-100250,2024-07-23,Office Supplies,Premium Printer Paper (Ream),East,80.1,13.55,4,Home Office
CA-2025-100303,2024-07-23,Furniture,Standing Desk,South,3291.61,74.28,7,Corporate
CA-2024-100191,2024-07-24,Technology,Netgear Wireless Router,North,486.55,102.98,3,Consumer
CA-2025-101032,2024-07-25,Furniture,Adjustable Side Table,South,97.99,-1.98,1,Home Office
CA-2024-101180,2024-07-25,Technology,HP EliteBook Laptop,North,7667.58,1528.55,7,Consumer
CA-2024-100469,2024-07-26,Technology,Apple iPad Air,South,5658.39,1373.25,8,Corporate
CA-2024-101126,2024-07-27,Office Supplies,Gel Pens (12-pack),South,50.72,12.56,4,Consumer
CA-2024-100255,2024-07-30,Office Supplies,Gel Pens (12-pack),West,37.03,10.39,3,Corporate
CA-2024-100442,2024-07-31,Office Supplies,Heavy Duty 3-Ring Binder,West,91.56,14.65,6,Home Office
CA-2025-100781,2024-07-31,Technology,Apple iPad Air,South,2115.57,514.29,3,Corporate
CA-2024-101067,2024-07-31,Office Supplies,Gel Pens (12-pack),East,11.68,3.34,1,Home Office
CA-2024-100324,2024-08-02,Technology,Dell XPS 13 Laptop,East,7058.1,1556.92,7,Consumer
CA-2025-101192,2024-08-02,Technology,Netgear Wireless Router,West,805.3,155.21,6,Home Office
CA-2025-101167,2024-08-03,Furniture,Solid Wood Coffee Table,North,1769.85,144.04,8,Consumer
CA-2024-100229,2024-08-03,Technology,Apple iPad Air,East,603.52,163.76,1,Corporate
CA-2024-100164,2024-08-04,Technology,HP EliteBook Laptop,South,3996.29,912.74,4,Home Office
CA-2025-100202,2024-08-04,Furniture,Adjustable Side Table,West,414.16,-7.49,5,Consumer
CA-2025-101014,2024-08-04,Technology,Netgear Wireless Router,East,729.74,161.74,5,Corporate
CA-2024-100360,2024-08-04,Technology,Dell XPS 13 Laptop,North,1002.67,221.84,1,Consumer
CA-2024-100843,2024-08-05,Technology,Logitech MX Master 3 Mouse,West,107.56,36.09,1,Consumer
CA-2024-100898,2024-08-06,Office Supplies,Heavy Duty 3-Ring Binder,North,88.65,16.74,6,Consumer
CA-2024-100980,2024-08-07,Furniture,Leather Executive Sofa,North,6512.08,642.39,7,Consumer
CA-2024-100842,2024-08-07,Office Supplies,Stainless Steel Scissors,North,54.94,14.28,8,Home Office
CA-2024-100731,2024-08-08,Furniture,Adjustable Side Table,South,428.88,-7.66,5,Home Office
CA-2024-100149,2024-08-08,Furniture,Standing Desk,West,448.52,8.32,1,Corporate
CA-2025-100707,2024-08-09,Office Supplies,Desktop Stapler,East,22.16,4.36,1,Consumer
CA-2024-100498,2024-08-09,Furniture,Ergonomic Office Chair,East,565.26,31.99,2,Consumer
CA-2025-100683,2024-08-09,Furniture,Leather Executive Sofa,North,5053.2,494.56,5,Consumer
CA-2024-101068,2024-08-09,Technology,Apple iPad Air,South,700.7,183.91,1,Corporate
CA-2024-100738,2024-08-12,Technology,Apple iPad Air,East,3876.38,1052.78,6,Home Office
CA-2024-100941,2024-08-13,Furniture,Standing Desk,East,2926.31,64.29,7,Corporate
CA-2024-100415,2024-08-13,Technology,Anker USB-C Hub,West,91.79,26.07,2,Corporate
CA-2025-100433,2024-08-13,Office Supplies,Premium Printer Paper (Ream),East,122.42,19.42,8,Consumer
CA-2024-100709,2024-08-16,Furniture,Adjustable Side Table,South,163.81,-2.92,2,Home Office
CA-2025-100027,2024-08-17,Office Supplies,Heavy Duty 3-Ring Binder,East,40.85,7.29,3,Consumer
CA-2024-100922,2024-08-18,Office Supplies,Desktop Stapler,East,137.75,24.99,7,Home Office
CA-2024-100627,2024-08-18,Office Supplies,Heavy Duty 3-Ring Binder,South,54.38,8.86,4,Home Office
CA-2024-100309,2024-08-18,Furniture,5-Shelf Bookshelf,South,960.61,-47.83,6,Consumer
CA-2024-100785,2024-08-19,Office Supplies,Heavy Duty 3-Ring Binder,West,44.93,7.54,3,Home Office
CA-2024-100650,2024-08-20,Furniture,Adjustable Side Table,North,404.47,-8.35,5,Consumer
CA-2024-100867,2024-08-20,Office Supplies,Multi-color Sticky Notes (5-pack),South,34.51,8.07,4,Corporate
CA-2024-100535,2024-08-20,Furniture,Adjustable Side Table,East,81.68,-1.45,1,Home Office
CA-2024-100143,2024-08-21,Office Supplies,Multi-color Sticky Notes (5-pack),East,68.52,16.97,8,Consumer
CA-2024-100959,2024-08-21,Office Supplies,Premium Printer Paper (Ream),West,81.1,11.58,5,Home Office
CA-2025-100900,2024-08-21,Furniture,Adjustable Side Table,South,511.93,-10.07,6,Home Office
CA-2025-100369,2024-08-21,Technology,Apple iPad Air,South,4224.71,1162.54,6,Home Office
CA-2025-100228,2024-08-21,Furniture,5-Shelf Bookshelf,North,872.73,-47.31,5,Home Office
CA-2025-100678,2024-08-21,Technology,Apple iPad Air,North,3139.02,813.26,5,Corporate
CA-2025-100623,2024-08-22,Office Supplies,Heavy Duty 3-Ring Binder,South,79.22,15.75,6,Corporate
CA-2025-100402,2024-08-23,Office Supplies,Heavy Duty 3-Ring Binder,North,98.26,19.3,7,Corporate
CA-2024-100527,2024-08-25,Technology,Anker USB-C Hub,South,189.06,61.97,4,Corporate
CA-2025-100557,2024-08-25,Furniture,Adjustable Side Table,South,530.34,-9.96,6,Corporate
CA-2024-100481,2024-08-25,Technology,Anker USB-C Hub,West,261.1,69.66,6,Home Office
CA-2024-100046,2024-08-25,Furniture,Adjustable Side Table,South,747.33,-15.74,8,Home Office
CA-2024-100155,2024-08-26,Office Supplies,Gel Pens (12-pack),South,46.02,10.96,4,Corporate
CA-2025-100434,2024-08-26,Technology,Logitech MX Master 3 Mouse,North,683.97,270.79,4,Consumer
CA-2024-100935,2024-08-28,Technology,HP EliteBook Laptop,South,3970.55,900.61,4,Home Office
CA-2024-100855,2024-08-28,Furniture,Adjustable Side Table,South,755.06,-16.15,8,Consumer
CA-2025-100181,2024-08-28,Technology,Dell XPS 13 Laptop,East,3532.87,957.28,3,Home Office
CA-2025-100811,2024-08-29,Furniture,Solid Wood Coffee Table,East,615.54,54.28,3,Consumer
CA-2024-100064,2024-08-29,Technology,HP EliteBook Laptop,West,1771.84,421.71,2,Home Office
CA-2024-100882,2024-08-31,Office Supplies,Heavy Duty 3-Ring Binder,East,105.7,21.42,8,Home Office
CA-2024-100158,2024-08-31,Furniture,5-Shelf Bookshelf,East,1176.46,-45.61,6,Home Office
CA-2024-100822,2024-08-31,Furniture,Leather Executive Sofa,East,3063.26,319.5,3,Home Office
CA-2025-100786,2024-09-01,Technology,HP EliteBook Laptop,North,5955.62,1161.73,6,Home Office
CA-2025-100277,2024-09-01,Office Supplies,Gel Pens (12-pack),West,62.87,16.63,6,Corporate
CA-2024-100691,2024-09-02,Technology,Anker USB-C Hub,East,175.47,45.41,4,Home Office
CA-2024-100791,2024-09-02,Furniture,5-Shelf Bookshelf,North,882.75,-46.73,5,Consumer
CA-2025-100186,2024-09-03,Furniture,5-Shelf Bookshelf,West,1214.73,-53.06,7,Home Office
CA-2025-100704,2024-09-04,Furniture,5-Shelf Bookshelf,East,159.82,-7.29,1,Home Office
CA-2025-100009,2024-09-05,Furniture,Leather Executive Sofa,East,5877.53,581.94,6,Home Office
CA-2025-100644,2024-09-06,Technology,Netgear Wireless Router,South,565.13,124.82,4,Home Office
CA-2024-100768,2024-09-07,Furniture,Ergonomic Office Chair,North,1652.23,80.9,6,Consumer
CA-2025-100975,2024-09-07,Furniture,Solid Wood Coffee Table,South,1605.25,139.02,7,Corporate
CA-2024-101189,2024-09-07,Office Supplies,Heavy Duty 3-Ring Binder,North,52.83,8.18,4,Home Office
CA-2024-100105,2024-09-07,Office Supplies,Heavy Duty 3-Ring Binder,South,13.5,2.79,1,Home Office
CA-2025-101145,2024-09-08,Technology,Anker USB-C Hub,West,141.1,42.24,3,Home Office
CA-2025-100117,2024-09-09,Office Supplies,Heavy Duty 3-Ring Binder,North,44.65,7.59,3,Corporate
CA-2024-100253,2024-09-10,Office Supplies,Premium Printer Paper (Ream),South,16.14,2.31,1,Home Office
CA-2024-100334,2024-09-10,Technology,Anker USB-C Hub,East,86.0,22.08,2,Consumer
CA-2024-100634,2024-09-11,Furniture,Ergonomic Office Chair,North,789.27,35.23,3,Corporate
CA-2024-100762,2024-09-12,Office Supplies,Heavy Duty 3-Ring Binder,South,29.05,5.47,2,Consumer
CA-2024-100685,2024-09-12,Furniture,Solid Wood Coffee Table,East,1608.55,133.46,7,Home Office
CA-2024-100194,2024-09-14,Technology,Netgear Wireless Router,West,897.51,182.01,6,Home Office
CA-2025-100290,2024-09-14,Technology,Dell XPS 13 Laptop,East,4741.18,1234.4,4,Home Office
CA-2024-100291,2024-09-16,Furniture,Leather Executive Sofa,South,5742.73,622.64,6,Corporate
CA-2025-100077,2024-09-16,Technology,Anker USB-C Hub,North,255.85,83.65,6,Consumer
CA-2025-100342,2024-09-17,Office Supplies,Heavy Duty 3-Ring Binder,North,100.24,16.67,7,Consumer
CA-2025-100796,2024-09-18,Office Supplies,Gel Pens (12-pack),South,58.23,15.18,5,Home Office
CA-2024-100289,2024-09-18,Office Supplies,Multi-color Sticky Notes (5-pack),South,35.5,8.23,4,Home Office
CA-2025-100214,2024-09-20,Technology,Dell XPS 13 Laptop,East,4565.44,1078.32,4,Consumer
CA-2025-101073,2024-09-22,Office Supplies,Multi-color Sticky Notes (5-pack),West,34.01,6.75,4,Consumer
CA-2024-100776,2024-09-22,Furniture,5-Shelf Bookshelf,West,1405.16,-64.05,8,Consumer
CA-2024-100925,2024-09-23,Technology,Dell XPS 13 Laptop,East,8740.49,2102.43,8,Home Office
CA-2024-100099,2024-09-24,Office Supplies,Premium Printer Paper (Ream),East,78.65,12.46,5,Consumer
CA-2024-100219,2024-09-24,Technology,Apple iPad Air,East,3243.88,803.93,5,Consumer
CA-2024-101093,2024-09-25,Office Supplies,Desktop Stapler,North,153.17,28.74,7,Home Office
CA-2025-100288,2024-09-25,Technology,Netgear Wireless Router,East,929.81,196.16,6,Corporate
CA-2025-100208,2024-09-26,Office Supplies,Multi-color Sticky Notes (5-pack),West,53.99,13.3,6,Home Office
CA-2025-100717,2024-09-27,Office Supplies,Desktop Stapler,West,130.89,26.59,6,Corporate
CA-2025-101140,2024-09-27,Office Supplies,Unknown Product,South,41.12,8.53,6,Home Office
CA-2024-100861,2024-09-29,Office Supplies,Desktop Stapler,West,68.25,13.22,3,Consumer
CA-2025-100693,2024-09-29,Office Supplies,Premium Printer Paper (Ream),South,81.12,11.54,5,Consumer
CA-2024-100860,2024-09-29,Furniture,Solid Wood Coffee Table,West,673.53,47.45,3,Corporate
CA-2024-100509,2024-09-30,Technology,Apple iPad Air,South,1303.52,333.46,2,Corporate
CA-2024-100017,2024-09-30,Technology,Anker USB-C Hub,South,186.92,55.41,4,Corporate
CA-2025-100401,2024-10-01,Office Supplies,Desktop Stapler,East,178.85,34.65,8,Consumer
CA-2025-100612,2024-10-02,Technology,Logitech MX Master 3 Mouse,North,1147.6,266.11,6,Consumer
CA-2025-100234,2024-10-02,Technology,Anker USB-C Hub,East,44.46,12.71,1,Consumer
CA-2025-100804,2024-10-03,Technology,Apple iPad Air,South,1862.46,590.78,3,Corporate
CA-2024-100225,2024-10-03,Technology,Netgear Wireless Router,South,432.33,73.75,3,Consumer
CA-2025-101015,2024-10-03,Furniture,5-Shelf Bookshelf,West,1258.16,-62.74,8,Home Office
CA-2024-100538,2024-10-03,Furniture,Solid Wood Coffee Table,North,1557.56,138.17,7,Consumer
CA-2025-100995,2024-10-04,Office Supplies,Stainless Steel Scissors,West,41.39,9.4,6,Corporate
CA-2024-100962,2024-10-04,Office Supplies,Gel Pens (12-pack),West,23.84,6.5,2,Corporate
CA-2025-100144,2024-10-04,Technology,Netgear Wireless Router,East,415.12,83.42,3,Home Office
CA-2024-100273,2024-10-06,Technology,HP EliteBook Laptop,East,1805.93,379.46,2,Home Office
CA-2025-100384,2024-10-06,Office Supplies,Premium Printer Paper (Ream),North,77.47,12.45,5,Consumer
CA-2024-100881,2024-10-07,Furniture,Adjustable Side Table,North,188.72,-4.33,2,Consumer
CA-2025-101121,2024-10-08,Furniture,5-Shelf Bookshelf,East,165.81,-9.43,1,Corporate
CA-2025-100079,2024-10-08,Office Supplies,Heavy Duty 3-Ring Binder,South,46.62,7.49,3,Home Office
CA-2025-100239,2024-10-08,Office Supplies,Multi-color Sticky Notes (5-pack),East,46.84,10.43,5,Consumer
CA-2024-101057,2024-10-09,Furniture,Leather Executive Sofa,West,7429.93,658.8,7,Home Office
CA-2024-100403,2024-10-10,Technology,Dell XPS 13 Laptop,East,4346.39,1143.68,4,Consumer
CA-2024-100542,2024-10-10,Office Supplies,Multi-color Sticky Notes (5-pack),East,42.88,9.42,5,Consumer
CA-2024-100388,2024-10-11,Office Supplies,Multi-color Sticky Notes (5-pack),West,24.91,4.87,3,Consumer
CA-2024-100932,2024-10-12,Technology,Anker USB-C Hub,North,82.55,28.0,2,Corporate
CA-2025-100715,2024-10-14,Furniture,Adjustable Side Table,North,472.55,-9.37,5,Home Office
CA-2024-100304,2024-10-14,Technology,Dell XPS 13 Laptop,South,4748.2,1223.96,4,Consumer
CA-2024-100326,2024-10-15,Technology,Netgear Wireless Router,East,1138.15,233.73,8,Home Office
CA-2024-100887,2024-10-15,Technology,Apple iPad Air,North,3501.25,971.36,5,Corporate
CA-2025-100109,2024-10-16,Furniture,Leather Executive Sofa,North,8011.22,873.9,8,Corporate
CA-2024-100061,2024-10-17,Office Supplies,Stainless Steel Scissors,South,6.4,1.76,1,Home Office
CA-2024-100227,2024-10-18,Furniture,5-Shelf Bookshelf,South,1196.87,-59.19,7,Corporate
CA-2025-100233,2024-10-18,Office Supplies,Stainless Steel Scissors,North,18.95,4.02,3,Consumer
CA-2024-101038,2024-10-20,Office Supplies,Desktop Stapler,East,60.96,11.33,3,Corporate
CA-2024-100336,2024-10-21,Furniture,Ergonomic Office Chair,South,579.91,29.68,2,Home Office
CA-2025-100779,2024-10-21,Furniture,Solid Wood Coffee Table,West,217.49,17.24,1,Corporate
CA-2025-100516,2024-10-22,Technology,Dell XPS 13 Laptop,West,5717.15,1499.75,5,Home Office
CA-2025-101185,2024-10-22,Office Supplies,Premium Printer Paper (Ream),South,68.01,9.59,4,Consumer
CA-2024-100182,2024-10-24,Furniture,Adjustable Side Table,South,82.71,-1.47,1,Consumer
CA-2025-100756,2024-10-27,Technology,Dell XPS 13 Laptop,North,5900.07,1695.95,5,Consumer
CA-2025-100110,2024-10-29,Technology,HP EliteBook Laptop,West,7705.79,1920.81,8,Home Office
CA-2024-100772,2024-10-29,Furniture,Ergonomic Office Chair,West,582.33,31.07,2,Consumer
CA-2024-100687,2024-10-29,Office Supplies,Heavy Duty 3-Ring Binder,North,14.13,2.32,1,Corporate
CA-2024-101197,2024-10-31,Technology,Logitech MX Master 3 Mouse,East,844.18,317.17,7,Home Office
CA-2025-100035,2024-10-31,Office Supplies,Desktop Stapler,East,87.17,16.2,4,Home Office
CA-2024-100344,2024-10-31,Technology,HP EliteBook Laptop,North,5061.21,1221.43,5,Corporate
CA-2025-100504,2024-11-01,Office Supplies,Desktop Stapler,East,29.62,6.5,1,Home Office
CA-2025-100453,2024-11-01,Furniture,Ergonomic Office Chair,North,2255.19,49.06,6,Consumer
CA-2024-100265,2024-11-02,Furniture,5-Shelf Bookshelf,East,1218.46,-54.01,5,Home Office
CA-2024-100444,2024-11-02,Technology,HP EliteBook Laptop,West,4315.01,927.09,3,Corporate
CA-2025-100454,2024-11-02,Furniture,Leather Executive Sofa,North,11116.84,1062.9,8,Corporate
CA-2024-100107,2024-11-03,Office Supplies,Gel Pens (12-pack),East,48.07,11.13,3,Corporate
CA-2025-100680,2024-11-03,Furniture,5-Shelf Bookshelf,West,252.4,-12.28,1,Home Office
CA-2024-100583,2024-11-03,Office Supplies,Stainless Steel Scissors,West,61.4,12.76,6,Consumer
CA-2024-100929,2024-11-04,Furniture,5-Shelf Bookshelf,East,1004.8,-49.61,4,Home Office
CA-2024-100362,2024-11-04,Furniture,Standing Desk,South,2035.08,40.03,3,Consumer
CA-2024-100890,2024-11-05,Technology,Netgear Wireless Router,North,1241.0,234.38,6,Consumer
CA-2024-100421,2024-11-06,Furniture,Solid Wood Coffee Table,West,1929.64,138.98,6,Corporate
CA-2024-100588,2024-11-06,Furniture,5-Shelf Bookshelf,South,1552.17,-88.59,5,Corporate
CA-2025-100856,2024-11-07,Office Supplies,Gel Pens (12-pack),East,66.09,16.23,4,Corporate
CA-2024-100449,2024-11-08,Office Supplies,Heavy Duty 3-Ring Binder,South,39.62,6.58,4,Consumer
CA-2025-100875,2024-11-08,Office Supplies,Premium Printer Paper (Ream),South,103.51,13.55,4,Home Office
CA-2024-100312,2024-11-09,Technology,Logitech MX Master 3 Mouse,South,479.37,165.56,3,Corporate
CA-2025-100908,2024-11-10,Office Supplies,Stainless Steel Scissors,West,77.93,11.495000000000001,8,Consumer
CA-2024-101041,2024-11-12,Furniture,Standing Desk,West,1308.76,25.47,2,Home Office
CA-2025-100436,2024-11-12,Office Supplies,Stainless Steel Scissors,North,39.22,9.99,4,Home Office
CA-2024-100141,2024-11-13,Office Supplies,Desktop Stapler,East,61.78,12.76,2,Consumer
CA-2024-100957,2024-11-13,Furniture,5-Shelf Bookshelf,North,453.78,-20.86,2,Consumer
CA-2024-101119,2024-11-13,Technology,Logitech MX Master 3 Mouse,North,1147.6,286.83,6,Home Office
CA-2024-100272,2024-11-14,Technology,Anker USB-C Hub,East,131.56,41.35,2,Corporate
CA-2024-100028,2024-11-14,Technology,Netgear Wireless Router,North,1597.2,290.53,7,Home Office
CA-2025-101040,2024-11-15,Furniture,Adjustable Side Table,North,1035.92,-18.97,8,Consumer
CA-2024-101181,2024-11-16,Office Supplies,Desktop Stapler,North,87.99,18.65,3,Consumer
CA-2024-100545,2024-11-16,Office Supplies,Stainless Steel Scissors,North,10.07,2.16,1,Corporate
CA-2024-100245,2024-11-18,Technology,Anker USB-C Hub,West,372.28,103.81,6,Consumer
CA-2025-100869,2024-11-18,Furniture,5-Shelf Bookshelf,South,2059.18,-97.04,8,Home Office
CA-2024-100755,2024-11-18,Furniture,Ergonomic Office Chair,East,833.11,41.32,2,Home Office
CA-2025-100668,2024-11-19,Office Supplies,Multi-color Sticky Notes (5-pack),East,24.24,6.01,2,Consumer
CA-2024-100352,2024-11-19,Office Supplies,Desktop Stapler,South,29.84,5.14,1,Consumer
CA-2024-100661,2024-11-21,Technology,Netgear Wireless Router,West,1274.17,285.53,6,Corporate
CA-2024-100459,2024-11-23,Technology,HP EliteBook Laptop,East,8002.09,1745.7,6,Home Office
CA-2024-100933,2024-11-23,Furniture,Adjustable Side Table,East,629.09,-12.86,5,Consumer
CA-2024-100177,2024-11-25,Office Supplies,Gel Pens (12-pack),East,67.81,16.16,4,Home Office
CA-2024-101142,2024-11-25,Technology,HP EliteBook Laptop,South,4035.04,871.54,3,Home Office
CA-2024-100084,2024-11-26,Office Supplies,Gel Pens (12-pack),North,77.32,18.19,5,Corporate
CA-2024-100615,2024-11-28,Office Supplies,Desktop Stapler,West,126.41,24.81,4,Corporate
CA-2025-101156,2024-11-28,Technology,HP EliteBook Laptop,North,11981.36,2244.42,8,Corporate
CA-2025-100465,2024-11-28,Technology,Anker USB-C Hub,North,320.24,83.31,5,Consumer
CA-2024-100640,2024-11-28,Furniture,Adjustable Side Table,West,821.32,-17.67,6,Home Office
CA-2024-100614,2024-11-29,Office Supplies,Desktop Stapler,South,240.41,55.11,8,Home Office
CA-2024-100830,2024-11-29,Technology,Netgear Wireless Router,South,888.6,171.99,4,Home Office
CA-2024-100090,2024-12-01,Office Supplies,Premium Printer Paper (Ream),South,148.54,22.35,6,Home Office
CA-2025-100757,2024-12-01,Technology,Anker USB-C Hub,West,129.03,34.01,2,Home Office
CA-2024-100355,2024-12-03,Technology,Anker USB-C Hub,South,188.9,49.0,3,Home Office
CA-2025-101034,2024-12-03,Office Supplies,Gel Pens (12-pack),North,86.48,22.69,5,Consumer
CA-2025-100120,2024-12-03,Furniture,5-Shelf Bookshelf,West,987.1,-44.58,4,Corporate
CA-2025-100603,2024-12-04,Furniture,Adjustable Side Table,North,397.67,-6.82,3,Consumer
CA-2024-101079,2024-12-05,Furniture,Ergonomic Office Chair,East,1159.74,60.42,3,Consumer
CA-2025-101144,2024-12-05,Furniture,Ergonomic Office Chair,North,2686.26,151.48,7,Corporate
CA-2024-100460,2024-12-05,Furniture,Adjustable Side Table,North,535.71,-9.39,4,Home Office
CA-2024-100859,2024-12-07,Office Supplies,Desktop Stapler,East,208.57,43.47,7,Home Office
CA-2025-100911,2024-12-08,Office Supplies,Unknown Product,South,25.04,5.9,2,Home Office
CA-2024-101128,2024-12-09,Office Supplies,Premium Printer Paper (Ream),North,77.97,10.79,3,Consumer
CA-2024-100146,2024-12-09,Technology,Anker USB-C Hub,North,261.24,89.22,4,Consumer
CA-2025-100493,2024-12-09,Technology,Netgear Wireless Router,West,1584.51,345.55,7,Corporate
CA-2025-100747,2024-12-11,Technology,Dell XPS 13 Laptop,West,8318.71,2322.74,5,Consumer
CA-2024-100899,2024-12-11,Technology,Apple iPad Air,East,6440.36,1765.03,7,Corporate
CA-2024-101074,2024-12-11,Furniture,Unknown Product,West,1280.37,-58.41,5,Home Office
CA-2024-100160,2024-12-12,Office Supplies,Multi-color Sticky Notes (5-pack),East,87.55,16.96,7,Home Office
CA-2024-100008,2024-12-12,Technology,Netgear Wireless Router,West,444.89,77.2,2,Consumer
CA-2024-100653,2024-12-12,Technology,Logitech MX Master 3 Mouse,West,161.85,63.73,1,Consumer
CA-2024-100329,2024-12-12,Technology,Netgear Wireless Router,East,1661.26,353.53,8,Corporate
CA-2025-100671,2024-12-13,Technology,Logitech MX Master 3 Mouse,West,1236.95,382.41,7,Home Office
CA-2025-100405,2024-12-14,Technology,Logitech MX Master 3 Mouse,South,995.82,468.37,8,Corporate
CA-2025-100060,2024-12-15,Technology,Logitech MX Master 3 Mouse,North,156.64,59.01,1,Home Office
CA-2025-100548,2024-12-15,Furniture,Ergonomic Office Chair,South,3386.16,183.16,8,Home Office
CA-2025-100800,2024-12-15,Technology,Netgear Wireless Router,South,639.74,118.97,3,Corporate
CA-2025-100412,2024-12-17,Office Supplies,Desktop Stapler,South,65.12,11.6,2,Consumer
CA-2024-100984,2024-12-17,Furniture,Standing Desk,North,691.68,14.82,1,Corporate
CA-2024-101123,2024-12-18,Furniture,Unknown Product,East,1717.64,142.32,5,Corporate
CA-2024-101037,2024-12-18,Furniture,Ergonomic Office Chair,North,895.23,45.57,2,Consumer
CA-2025-100094,2024-12-19,Technology,Logitech MX Master 3 Mouse,North,1361.29,511.8,8,Consumer
CA-2024-100939,2024-12-20,Office Supplies,Stainless Steel Scissors,West,28.31,7.73,3,Home Office
CA-2024-100029,2024-12-21,Office Supplies,Desktop Stapler,East,33.32,7.31,1,Home Office
CA-2024-101075,2024-12-21,Office Supplies,Stainless Steel Scissors,West,46.5,12.43,5,Consumer
CA-2025-100410,2024-12-21,Office Supplies,Stainless Steel Scissors,South,37.77,9.38,4,Consumer
CA-2024-100127,2024-12-22,Furniture,Leather Executive Sofa,West,3074.2,290.19,2,Home Office
CA-2024-100646,2024-12-22,Office Supplies,Stainless Steel Scissors,West,9.89,2.33,1,Corporate
CA-2025-101008,2024-12-23,Technology,HP EliteBook Laptop,East,8922.62,2138.23,6,Consumer
CA-2024-100068,2024-12-24,Furniture,Adjustable Side Table,West,671.52,-14.01,5,Home Office
CA-2025-100983,2024-12-24,Office Supplies,Desktop Stapler,East,216.75,45.9,7,Home Office
CA-2024-100076,2024-12-26,Office Supplies,Premium Printer Paper (Ream),South,78.58,10.24,3,Corporate
CA-2024-100547,2024-12-26,Office Supplies,Multi-color Sticky Notes (5-pack),North,52.76,11.32,4,Corporate
CA-2025-100517,2024-12-26,Office Supplies,Heavy Duty 3-Ring Binder,North,69.57,13.32,3,Corporate
CA-2025-100218,2024-12-27,Office Supplies,Desktop Stapler,West,67.48,13.7,2,Consumer
CA-2025-100350,2024-12-28,Office Supplies,Stainless Steel Scissors,East,67.64,15.72,7,Corporate
CA-2025-100113,2024-12-28,Furniture,Leather Executive Sofa,North,6466.85,593.5,4,Corporate
CA-2025-100154,2024-12-29,Technology,HP EliteBook Laptop,North,1462.45,307.42,1,Home Office
CA-2025-100359,2024-12-29,Furniture,Solid Wood Coffee Table,East,2529.27,183.05,8,Home Office
CA-2024-100784,2024-12-29,Furniture,5-Shelf Bookshelf,West,1461.17,-77.07,6,Consumer
CA-2025-100955,2024-12-30,Office Supplies,Stainless Steel Scissors,South,61.14,16.17,6,Corporate
CA-2025-100530,2024-12-31,Office Supplies,Multi-color Sticky Notes (5-pack),East,98.84,22.2,7,Corporate
CA-2024-100016,2025-01-01,Technology,Anker USB-C Hub,East,147.42,40.73,3,Home Office
CA-2025-100806,2025-01-01,Office Supplies,Gel Pens (12-pack),North,22.85,5.21,2,Consumer
CA-2025-101182,2025-01-01,Office Supplies,Stainless Steel Scissors,East,13.4,3.35,2,Corporate
CA-2025-100207,2025-01-02,Technology,HP EliteBook Laptop,West,3626.53,727.65,4,Corporate
CA-2024-100366,2025-01-02,Furniture,5-Shelf Bookshelf,West,1024.17,-53.01,6,Consumer
CA-2025-100964,2025-01-03,Office Supplies,Multi-color Sticky Notes (5-pack),South,26.89,6.58,3,Home Office
CA-2025-100725,2025-01-03,Furniture,Ergonomic Office Chair,South,569.82,27.19,2,Corporate
CA-2025-101183,2025-01-04,Furniture,5-Shelf Bookshelf,South,1160.07,-62.38,7,Consumer
CA-2025-100616,2025-01-04,Furniture,Adjustable Side Table,West,720.71,-13.11,8,Corporate
CA-2025-100224,2025-01-05,Office Supplies,Premium Printer Paper (Ream),North,101.39,15.2,6,Corporate
CA-2024-100486,2025-01-05,Furniture,Leather Executive Sofa,East,6990.6,727.52,7,Consumer
CA-2024-100082,2025-01-05,Office Supplies,Gel Pens (12-pack),West,11.25,2.87,1,Consumer
CA-2024-100069,2025-01-06,Furniture,Standing Desk,North,1306.57,24.53,3,Consumer
CA-2024-100446,2025-01-06,Furniture,5-Shelf Bookshelf,West,1302.84,-59.71,7,Consumer
CA-2024-100019,2025-01-07,Furniture,Ergonomic Office Chair,North,1442.68,75.75,5,Consumer
CA-2024-100067,2025-01-07,Furniture,5-Shelf Bookshelf,South,180.92,-9.45,1,Home Office
CA-2025-100645,2025-01-08,Technology,Logitech MX Master 3 Mouse,North,731.75,293.47,6,Home Office
CA-2024-100071,2025-01-11,Office Supplies,Multi-color Sticky Notes (5-pack),South,69.39,16.72,7,Corporate
CA-2024-100942,2025-01-12,Technology,Apple iPad Air,East,4044.56,1054.89,6,Home Office
CA-2025-100927,2025-01-13,Technology,Netgear Wireless Router,North,315.49,57.14,2,Corporate
CA-2025-100684,2025-01-13,Furniture,Standing Desk,North,3866.66,78.61,8,Consumer
CA-2025-100080,2025-01-14,Furniture,Leather Executive Sofa,West,6390.34,591.03,6,Corporate
CA-2024-101164,2025-01-15,Technology,Netgear Wireless Router,South,784.99,175.2,5,Home Office
CA-2025-100501,2025-01-15,Technology,Logitech MX Master 3 Mouse,East,661.86,236.34,6,Home Office
CA-2025-100624,2025-01-15,Office Supplies,Desktop Stapler,South,68.42,14.96,3,Consumer
CA-2024-100320,2025-01-17,Office Supplies,Stainless Steel Scissors,East,6.54,1.55,1,Consumer
CA-2025-101083,2025-01-17,Technology,Netgear Wireless Router,West,477.87,81.49,3,Consumer
CA-2025-100500,2025-01-17,Office Supplies,Heavy Duty 3-Ring Binder,West,101.73,20.11,7,Home Office
CA-2024-100773,2025-01-18,Technology,Netgear Wireless Router,South,560.71,109.28,4,Consumer
CA-2025-100103,2025-01-18,Furniture,Leather Executive Sofa,South,3201.7,49.06,3,Home Office
CA-2024-101080,2025-01-18,Office Supplies,Stainless Steel Scissors,West,28.66,6.37,4,Consumer
CA-2024-100519,2025-01-19,Furniture,Ergonomic Office Chair,South,1727.86,84.52,6,Corporate
CA-2025-100563,2025-01-20,Furniture,Leather Executive Sofa,West,8051.45,854.15,8,Home Office
CA-2024-100439,2025-01-20,Furniture,Adjustable Side Table,East,297.73,-5.27,3,Corporate
CA-2024-100392,2025-01-21,Furniture,Adjustable Side Table,West,471.6,-9.24,5,Corporate
CA-2025-100159,2025-01-22,Furniture,Solid Wood Coffee Table,East,877.14,61.2,4,Home Office
CA-2024-100157,2025-01-22,Furniture,Adjustable Side Table,West,685.4,-14.82,7,Home Office
CA-2024-100560,2025-01-23,Technology,Anker USB-C Hub,North,46.5,13.37,1,Consumer
CA-2025-100551,2025-01-23,Furniture,Leather Executive Sofa,North,8135.75,829.23,8,Consumer
CA-2024-100062,2025-01-24,Office Supplies,Stainless Steel Scissors,North,6.88,1.63,1,Corporate
CA-2024-100726,2025-01-25,Furniture,Ergonomic Office Chair,East,278.47,14.03,1,Consumer
CA-2025-101150,2025-01-25,Technology,HP EliteBook Laptop,West,2023.11,499.86,2,Home Office
CA-2024-100441,2025-01-28,Furniture,Adjustable Side Table,North,518.52,-11.64,6,Consumer
CA-2024-100793,2025-01-30,Technology,Anker USB-C Hub,East,99.7,32.31,2,Home Office
CA-2024-100694,2025-01-31,Technology,Anker USB-C Hub,West,244.87,77.3,5,Home Office
CA-2024-100163,2025-01-31,Office Supplies,Desktop Stapler,South,102.96,23.08,5,Consumer
CA-2025-100705,2025-02-01,Furniture,Standing Desk,South,478.58,10.94,1,Home Office
CA-2025-100126,2025-02-02,Technology,Anker USB-C Hub,West,97.52,29.58,2,Home Office
CA-2025-100788,2025-02-02,Technology,Apple iPad Air,South,643.47,163.14,1,Home Office
CA-2025-100531,2025-02-03,Office Supplies,Premium Printer Paper (Ream),West,73.74,12.49,4,Consumer
CA-2025-101130,2025-02-03,Office Supplies,Heavy Duty 3-Ring Binder,North,74.65,14.62,5,Consumer
CA-2024-100909,2025-02-04,Technology,Logitech MX Master 3 Mouse,South,118.81,43.6,1,Corporate
CA-2024-100745,2025-02-04,Technology,Logitech MX Master 3 Mouse,East,366.75,126.96,3,Corporate
CA-2025-100858,2025-02-05,Office Supplies,Stainless Steel Scissors,East,40.05,8.51,6,Consumer
CA-2025-100386,2025-02-06,Office Supplies,Heavy Duty 3-Ring Binder,East,29.56,11.495000000000001,2,Corporate
CA-2024-100833,2025-02-06,Furniture,Standing Desk,North,3794.91,81.02,8,Corporate
CA-2024-101029,2025-02-06,Office Supplies,Stainless Steel Scissors,West,34.95,7.81,5,Consumer
CA-2025-100526,2025-02-07,Technology,Anker USB-C Hub,South,141.54,47.91,3,Home Office
CA-2025-100735,2025-02-07,Technology,Dell XPS 13 Laptop,North,8249.7,245.98,7,Consumer
CA-2025-101071,2025-02-08,Office Supplies,Premium Printer Paper (Ream),South,85.38,12.4,5,Home Office
CA-2025-100852,2025-02-08,Office Supplies,Multi-color Sticky Notes (5-pack),West,75.61,17.56,8,Consumer
CA-2025-100792,2025-02-08,Furniture,Leather Executive Sofa,East,7675.35,656.54,7,Home Office
CA-2024-100237,2025-02-09,Technology,Dell XPS 13 Laptop,South,7301.79,1687.84,6,Home Office
CA-2025-100004,2025-02-09,Office Supplies,Desktop Stapler,North,115.13,22.53,5,Consumer
CA-2024-100564,2025-02-10,Technology,Apple iPad Air,South,3406.64,1042.48,5,Consumer
CA-2025-100835,2025-02-10,Office Supplies,Stainless Steel Scissors,West,36.41,8.71,5,Consumer
CA-2024-100485,2025-02-10,Furniture,Standing Desk,North,3562.15,76.4,8,Corporate
CA-2024-100226,2025-02-11,Technology,Anker USB-C Hub,East,92.61,26.4,2,Corporate
CA-2024-100631,2025-02-11,Office Supplies,Gel Pens (12-pack),West,70.25,19.04,6,Consumer
CA-2025-100223,2025-02-11,Technology,Netgear Wireless Router,East,151.79,29.39,4,Corporate
CA-2024-100587,2025-02-11,Office Supplies,Multi-color Sticky Notes (5-pack),South,19.12,11.495000000000001,2,Corporate
CA-2025-100559,2025-02-12,Furniture,Ergonomic Office Chair,South,282.96,13.77,1,Consumer
CA-2025-100582,2025-02-12,Furniture,Standing Desk,North,3164.87,72.24,7,Corporate
CA-2025-101085,2025-02-12,Technology,Logitech MX Master 3 Mouse,East,443.49,154.16,4,Corporate
CA-2025-100380,2025-02-15,Office Supplies,Heavy Duty 3-Ring Binder,East,98.19,17.82,7,Corporate
CA-2024-100510,2025-02-16,Technology,Netgear Wireless Router,South,155.56,35.4,1,Corporate
CA-2025-100938,2025-02-16,Furniture,Standing Desk,South,2014.44,45.9,4,Consumer
CA-2025-100766,2025-02-17,Technology,Dell XPS 13 Laptop,East,4871.8,1279.5,4,Corporate
CA-2025-100423,2025-02-18,Furniture,Leather Executive Sofa,South,2075.48,178.83,2,Corporate
CA-2025-100845,2025-02-19,Furniture,Solid Wood Coffee Table,North,458.52,37.67,2,Corporate
CA-2025-100674,2025-02-20,Office Supplies,Premium Printer Paper (Ream),North,70.09,9.78,4,Corporate
CA-2024-100722,2025-02-20,Technology,HP EliteBook Laptop,West,1832.37,423.82,2,Consumer
CA-2025-100783,2025-02-21,Furniture,Standing Desk,West,2911.18,64.25,6,Home Office
CA-2025-100658,2025-02-23,Office Supplies,Heavy Duty 3-Ring Binder,South,117.01,17.97,8,Corporate
CA-2024-101088,2025-02-24,Technology,Dell XPS 13 Laptop,North,7945.04,2247.67,7,Home Office
CA-2025-101168,2025-02-24,Technology,Netgear Wireless Router,West,995.16,183.38,7,Home Office
CA-2025-100763,2025-02-24,Furniture,Adjustable Side Table,North,268.19,-5.13,3,Home Office
CA-2025-101111,2025-02-24,Technology,HP EliteBook Laptop,West,7319.38,1660.66,7,Consumer
CA-2025-100300,2025-02-25,Technology,HP EliteBook Laptop,East,8119.4,1565.5,8,Consumer
CA-2024-100844,2025-02-26,Technology,HP EliteBook Laptop,North,5811.5,1452.25,6,Home Office
CA-2024-101198,2025-02-26,Technology,Apple iPad Air,West,2868.4,863.88,4,Home Office
CA-2024-100092,2025-02-26,Office Supplies,Gel Pens (12-pack),South,35.27,8.98,3,Home Office
CA-2024-100215,2025-02-27,Office Supplies,Multi-color Sticky Notes (5-pack),West,72.08,14.94,8,Home Office
CA-2024-100106,2025-02-27,Furniture,5-Shelf Bookshelf,West,1306.39,-62.27,8,Home Office
CA-2024-100024,2025-02-28,Furniture,5-Shelf Bookshelf,South,1211.07,-65.45,7,Consumer
CA-2025-100317,2025-03-01,Furniture,5-Shelf Bookshelf,South,332.28,-15.63,4,Corporate
CA-2025-100363,2025-03-01,Furniture,Adjustable Side Table,North,753.29,-16.08,8,Corporate
CA-2025-101094,2025-03-01,Furniture,Leather Executive Sofa,West,7463.55,815.57,7,Corporate
CA-2025-100590,2025-03-03,Technology,Apple iPad Air,North,1378.33,332.28,2,Consumer
CA-2024-100979,2025-03-03,Office Supplies,Gel Pens (12-pack),East,77.78,19.2,7,Corporate
CA-2024-100180,2025-03-04,Technology,Netgear Wireless Router,East,1163.87,211.81,8,Consumer
CA-2024-100710,2025-03-04,Furniture,Ergonomic Office Chair,South,547.02,25.4,2,Home Office
CA-2025-101042,2025-03-04,Office Supplies,Desktop Stapler,South,47.92,9.93,2,Consumer
CA-2025-100681,2025-03-05,Technology,HP EliteBook Laptop,South,5532.53,1323.55,6,Consumer
CA-2025-101052,2025-03-05,Office Supplies,Heavy Duty 3-Ring Binder,West,95.85,17.07,6,Home Office
CA-2024-100998,2025-03-07,Technology,Unknown Product,West,3490.16,751.46,3,Home Office
CA-2025-100532,2025-03-07,Furniture,Standing Desk,East,3016.75,63.29,6,Consumer
CA-2025-100518,2025-03-08,Furniture,Ergonomic Office Chair,North,2119.59,100.34,7,Corporate
CA-2025-100192,2025-03-08,Technology,Netgear Wireless Router,East,145.72,31.33,1,Consumer
CA-2024-100122,2025-03-09,Furniture,Ergonomic Office Chair,South,2075.72,112.84,7,Corporate
CA-2025-100435,2025-03-09,Furniture,5-Shelf Bookshelf,West,1371.81,-75.1,8,Corporate
CA-2025-100171,2025-03-09,Furniture,5-Shelf Bookshelf,North,1253.48,-53.41,7,Corporate
CA-2024-100306,2025-03-11,Office Supplies,Desktop Stapler,East,45.19,7.72,2,Corporate
CA-2024-100022,2025-03-11,Technology,HP EliteBook Laptop,South,1989.92,477.37,2,Home Office
CA-2025-100032,2025-03-11,Office Supplies,Multi-color Sticky Notes (5-pack),North,45.22,8.82,5,Corporate
CA-2024-100298,2025-03-12,Furniture,Adjustable Side Table,North,274.89,-6.26,3,Home Office
CA-2025-101066,2025-03-12,Office Supplies,Heavy Duty 3-Ring Binder,East,72.39,14.53,5,Consumer
CA-2025-100948,2025-03-12,Office Supplies,Heavy Duty 3-Ring Binder,North,59.83,11.41,4,Consumer
CA-2025-100936,2025-03-13,Technology,Netgear Wireless Router,East,154.59,30.54,1,Corporate
CA-2025-101175,2025-03-13,Furniture,Ergonomic Office Chair,South,1763.58,95.01,6,Consumer
CA-2025-100871,2025-03-14,Furniture,Adjustable Side Table,North,185.46,-3.27,2,Consumer
CA-2024-100798,2025-03-16,Furniture,Solid Wood Coffee Table,East,254.67,20.21,1,Home Office
CA-2024-100552,2025-03-16,Office Supplies,Premium Printer Paper (Ream),North,49.86,6.97,3,Corporate
CA-2024-100549,2025-03-17,Technology,Anker USB-C Hub,East,352.05,101.0,7,Home Office
CA-2025-100739,2025-03-18,Technology,Apple iPad Air,East,3394.96,1058.7,5,Corporate
CA-2025-100337,2025-03-19,Office Supplies,Multi-color Sticky Notes (5-pack),West,77.63,17.32,8,Corporate
CA-2024-100185,2025-03-19,Office Supplies,Stainless Steel Scissors,South,46.78,12.33,7,Home Office
CA-2025-100178,2025-03-20,Office Supplies,Gel Pens (12-pack),South,76.33,17.5,7,Consumer
CA-2025-101196,2025-03-20,Office Supplies,Premium Printer Paper (Ream),North,116.68,18.2,7,Home Office
CA-2024-101132,2025-03-20,Technology,Logitech MX Master 3 Mouse,West,242.03,82.9,2,Home Office
CA-2025-100846,2025-03-20,Technology,Dell XPS 13 Laptop,East,1127.06,307.64,1,Home Office
CA-2024-100990,2025-03-24,Office Supplies,Stainless Steel Scissors,South,60.5,16.32,8,Home Office
CA-2024-100961,2025-03-24,Furniture,Standing Desk,North,448.89,9.36,1,Consumer
CA-2025-100997,2025-03-24,Office Supplies,Stainless Steel Scissors,East,36.61,10.05,5,Consumer
CA-2024-100734,2025-03-24,Furniture,Leather Executive Sofa,East,2301.42,206.21,2,Home Office
CA-2024-100778,2025-03-25,Office Supplies,Stainless Steel Scissors,East,7.34,2.02,1,Home Office
CA-2024-100086,2025-03-26,Furniture,Leather Executive Sofa,West,6768.64,640.17,6,Home Office
CA-2025-101172,2025-03-26,Office Supplies,Heavy Duty 3-Ring Binder,West,125.46,23.77,8,Consumer
CA-2024-100130,2025-03-27,Office Supplies,Gel Pens (12-pack),East,62.76,13.49,5,Home Office
CA-2025-100483,2025-03-28,Office Supplies,Gel Pens (12-pack),South,81.71,21.16,7,Corporate
CA-2024-100609,2025-03-29,Office Supplies,Gel Pens (12-pack),South,59.18,13.36,5,Corporate
CA-2024-100045,2025-03-30,Technology,Anker USB-C Hub,East,231.88,68.12,5,Corporate
CA-2024-100271,2025-03-30,Office Supplies,Heavy Duty 3-Ring Binder,West,80.47,12.93,5,Corporate
CA-2025-100311,2025-03-30,Office Supplies,Stainless Steel Scissors,North,29.95,7.23,4,Consumer
CA-2024-100554,2025-03-31,Furniture,Leather Executive Sofa,East,2296.69,250.59,2,Corporate
CA-2025-100873,2025-04-01,Technology,Anker USB-C Hub,North,89.61,23.75,2,Home Office
CA-2024-100711,2025-04-01,Office Supplies,Multi-color Sticky Notes (5-pack),North,28.84,5.61,3,Consumer
CA-2025-100371,2025-04-01,Office Supplies,Gel Pens (12-pack),South,86.69,24.15,7,Corporate
CA-2024-100607,2025-04-02,Office Supplies,Multi-color Sticky Notes (5-pack),West,36.31,8.51,4,Home Office
CA-2024-100373,2025-04-04,Furniture,Solid Wood Coffee Table,South,928.09,69.45,4,Consumer
CA-2024-100744,2025-04-04,Technology,HP EliteBook Laptop,North,4182.67,902.34,4,Home Office
CA-2025-101021,2025-04-04,Office Supplies,Stainless Steel Scissors,East,44.63,9.86,6,Home Office
CA-2025-101102,2025-04-05,Technology,Apple iPad Air,West,5424.08,1458.54,8,Home Office
CA-2024-100066,2025-04-05,Office Supplies,Stainless Steel Scissors,North,22.93,5.42,3,Corporate
CA-2024-100876,2025-04-06,Furniture,Leather Executive Sofa,West,3205.98,275.46,3,Corporate
CA-2025-101018,2025-04-06,Furniture,Standing Desk,North,491.55,9.82,1,Consumer
CA-2025-101174,2025-04-06,Office Supplies,Desktop Stapler,East,118.44,24.59,5,Consumer
CA-2024-100055,2025-04-07,Office Supplies,Gel Pens (12-pack),East,59.03,16.81,5,Home Office
CA-2025-100774,2025-04-08,Technology,Netgear Wireless Router,West,1194.06,221.63,8,Corporate
CA-2025-100743,2025-04-08,Furniture,Solid Wood Coffee Table,North,1748.14,128.74,7,Home Office
CA-2024-100393,2025-04-09,Furniture,Leather Executive Sofa,East,1063.73,100.89,1,Home Office
CA-2024-100928,2025-04-09,Furniture,Standing Desk,North,2259.99,40.08,5,Home Office
CA-2025-101031,2025-04-09,Technology,Netgear Wireless Router,East,290.8,51.51,2,Home Office
CA-2025-100057,2025-04-09,Furniture,Leather Executive Sofa,North,5250.26,470.31,5,Corporate
CA-2024-100495,2025-04-09,Office Supplies,Stainless Steel Scissors,West,33.91,8.97,5,Home Office
CA-2025-100374,2025-04-10,Technology,HP EliteBook Laptop,South,7527.47,1644.25,7,Consumer
CA-2024-100039,2025-04-10,Technology,Logitech MX Master 3 Mouse,North,122.1,43.28,1,Corporate
CA-2024-100261,2025-04-10,Technology,Logitech MX Master 3 Mouse,West,223.49,77.03,2,Home Office
CA-2024-100307,2025-04-10,Furniture,Standing Desk,West,503.9,8.78,1,Home Office
CA-2025-101028,2025-04-12,Furniture,Ergonomic Office Chair,West,641.39,28.31,2,Home Office
CA-2025-100183,2025-04-12,Furniture,Leather Executive Sofa,South,3319.15,287.97,3,Consumer
CA-2024-100613,2025-04-12,Furniture,Ergonomic Office Chair,West,1569.11,67.24,5,Home Office
CA-2024-100912,2025-04-13,Furniture,5-Shelf Bookshelf,West,1519.96,-80.44,8,Home Office
CA-2025-100013,2025-04-13,Furniture,Ergonomic Office Chair,South,599.73,30.04,2,Home Office
CA-2025-100220,2025-04-14,Office Supplies,Desktop Stapler,East,44.45,9.66,2,Consumer
CA-2024-100314,2025-04-14,Furniture,Standing Desk,North,4058.48,92.6,8,Home Office
CA-2025-100525,2025-04-14,Furniture,Ergonomic Office Chair,North,1904.27,95.93,6,Home Office
CA-2025-101171,2025-04-16,Office Supplies,Multi-color Sticky Notes (5-pack),West,70.35,15.42,8,Corporate
CA-2025-100777,2025-04-16,Technology,Anker USB-C Hub,North,49.83,15.81,1,Consumer
CA-2025-100921,2025-04-16,Technology,Apple iPad Air,South,4902.23,1191.62,7,Consumer
CA-2024-100874,2025-04-17,Office Supplies,Premium Printer Paper (Ream),North,84.16,13.27,5,Home Office
CA-2024-100151,2025-04-17,Technology,HP EliteBook Laptop,South,995.82,214.26,1,Corporate
CA-2024-100503,2025-04-17,Furniture,Standing Desk,East,2931.84,51.06,6,Home Office
CA-2025-100944,2025-04-18,Office Supplies,Multi-color Sticky Notes (5-pack),South,72.87,14.42,8,Home Office
CA-2025-100269,2025-04-18,Furniture,Adjustable Side Table,North,578.29,-9.9,6,Home Office
CA-2025-100666,2025-04-19,Office Supplies,Desktop Stapler,North,170.15,35.58,8,Corporate
CA-2025-100598,2025-04-20,Office Supplies,Gel Pens (12-pack),South,82.38,21.44,7,Home Office
CA-2024-100301,2025-04-20,Office Supplies,Stainless Steel Scissors,North,22.11,6.05,3,Consumer
CA-2024-101007,2025-04-20,Office Supplies,Heavy Duty 3-Ring Binder,West,16.14,2.58,1,Home Office
CA-2025-100492,2025-04-20,Furniture,Adjustable Side Table,East,1363.255,-9.64,5,Consumer
CA-2024-100275,2025-04-21,Office Supplies,Gel Pens (12-pack),South,95.1,26.97,8,Corporate
CA-2025-100030,2025-04-21,Furniture,Adjustable Side Table,North,507.39,-9.37,5,Consumer
CA-2024-100327,2025-04-22,Technology,Netgear Wireless Router,South,145.08,28.96,1,Home Office
CA-2024-100037,2025-04-24,Office Supplies,Premium Printer Paper (Ream),North,133.89,17.31,8,Home Office
CA-2025-100358,2025-04-24,Furniture,Ergonomic Office Chair,North,1577.75,79.43,5,Consumer
CA-2024-100660,2025-04-25,Furniture,Ergonomic Office Chair,West,623.75,34.05,2,Corporate
CA-2024-101122,2025-04-27,Office Supplies,Heavy Duty 3-Ring Binder,North,66.84,10.83,4,Corporate
CA-2024-100297,2025-04-27,Office Supplies,Heavy Duty 3-Ring Binder,West,16.57,3.27,1,Consumer
CA-2025-100041,2025-04-28,Technology,Apple iPad Air,West,2282.9,596.3,3,Consumer
CA-2025-100364,2025-04-29,Technology,Apple iPad Air,North,680.35,203.43,1,Home Office
CA-2024-101024,2025-04-30,Technology,Apple iPad Air,North,2271.0,685.4,3,Corporate
CA-2025-101097,2025-05-01,Office Supplies,Stainless Steel Scissors,East,57.57,13.85,8,Consumer
CA-2024-100328,2025-05-02,Office Supplies,Premium Printer Paper (Ream),East,35.38,5.34,2,Corporate
CA-2025-100357,2025-05-02,Furniture,Solid Wood Coffee Table,South,712.45,55.73,3,Corporate
CA-2024-100943,2025-05-03,Technology,HP EliteBook Laptop,North,950.43,232.11,1,Corporate
CA-2025-100232,2025-05-03,Furniture,Ergonomic Office Chair,North,1711.02,95.36,6,Consumer
CA-2024-100759,2025-05-03,Technology,Apple iPad Air,South,2192.36,625.13,3,Consumer
CA-2025-100765,2025-05-03,Furniture,5-Shelf Bookshelf,South,188.17,-9.82,1,Corporate
CA-2024-100713,2025-05-04,Office Supplies,Heavy Duty 3-Ring Binder,West,100.16,19.8,6,Home Office
CA-2025-100664,2025-05-05,Technology,Apple iPad Air,North,2322.64,628.58,3,Consumer
CA-2024-100450,2025-05-06,Furniture,Solid Wood Coffee Table,East,1024.58,88.01,4,Consumer
CA-2025-100993,2025-05-06,Furniture,5-Shelf Bookshelf,North,753.29,-34.72,4,Corporate
CA-2024-101060,2025-05-07,Office Supplies,Stainless Steel Scissors,West,38.76,9.39,5,Corporate
CA-2025-100394,2025-05-07,Office Supplies,Multi-color Sticky Notes (5-pack),West,9.03,2.04,1,Consumer
CA-2024-101170,2025-05-07,Technology,Netgear Wireless Router,West,597.48,134.03,4,Home Office
CA-2024-100124,2025-05-09,Technology,Logitech MX Master 3 Mouse,East,700.01,241.72,6,Home Office
CA-2025-100047,2025-05-09,Technology,HP EliteBook Laptop,North,4721.68,1141.62,5,Corporate
CA-2025-100452,2025-05-09,Furniture,5-Shelf Bookshelf,East,1205.98,-56.77,7,Home Office
CA-2024-100266,2025-05-10,Office Supplies,Stainless Steel Scissors,North,36.19,9.98,5,Home Office
CA-2025-100322,2025-05-11,Furniture,5-Shelf Bookshelf,East,760.57,-41.4,4,Consumer
CA-2024-100853,2025-05-11,Furniture,Solid Wood Coffee Table,West,1599.81,137.08,7,Consumer
CA-2025-100429,2025-05-12,Furniture,5-Shelf Bookshelf,South,1170.35,-64.08,6,Corporate
CA-2024-101188,2025-05-12,Office Supplies,Heavy Duty 3-Ring Binder,South,111.79,19.04,5,Consumer
CA-2025-100198,2025-05-13,Technology,Logitech MX Master 3 Mouse,North,388.63,147.17,3,Consumer
CA-2024-100437,2025-05-14,Office Supplies,Desktop Stapler,West,135.6,26.9,6,Home Office
CA-2025-100996,2025-05-15,Furniture,Solid Wood Coffee Table,South,242.21,20.17,1,Consumer
CA-2025-101003,2025-05-17,Furniture,Adjustable Side Table,North,203.56,-3.52,2,Consumer
CA-2024-100937,2025-05-18,Technology,HP EliteBook Laptop,East,4360.72,976.13,4,Home Office
CA-2024-100809,2025-05-18,Office Supplies,Multi-color Sticky Notes (5-pack),East,63.95,14.26,7,Consumer
CA-2025-100119,2025-05-19,Technology,Dell XPS 13 Laptop,South,10093.64,2418.28,4,Corporate
CA-2024-100967,2025-05-20,Technology,HP EliteBook Laptop,West,4926.5,1102.54,5,Corporate
CA-2024-100816,2025-05-20,Office Supplies,Heavy Duty 3-Ring Binder,North,112.32,21.32,7,Home Office
CA-2025-101155,2025-05-20,Furniture,Ergonomic Office Chair,North,278.05,13.43,1,Corporate
CA-2024-101090,2025-05-21,Office Supplies,Multi-color Sticky Notes (5-pack),West,26.83,5.32,3,Corporate
CA-2024-100139,2025-05-21,Furniture,Ergonomic Office Chair,South,325.5,18.39,1,Home Office
CA-2025-100719,2025-05-21,Furniture,Solid Wood Coffee Table,North,930.08,85.16,4,Home Office
CA-2025-101072,2025-05-22,Furniture,Leather Executive Sofa,West,2197.65,242.34,2,Home Office
CA-2024-100354,2025-05-25,Office Supplies,Heavy Duty 3-Ring Binder,East,30.89,5.71,2,Home Office
CA-2024-100175,2025-05-27,Technology,Anker USB-C Hub,North,156.65,44.78,3,Consumer
CA-2024-100209,2025-05-28,Technology,Apple iPad Air,West,3464.74,879.0,5,Home Office
CA-2024-101091,2025-05-28,Furniture,Solid Wood Coffee Table,South,1539.89,133.27,6,Consumer
CA-2025-100611,2025-05-28,Furniture,5-Shelf Bookshelf,South,734.7,-32.93,4,Home Office
CA-2025-100880,2025-05-29,Office Supplies,Stainless Steel Scissors,South,54.75,13.25,7,Home Office
CA-2024-100409,2025-05-29,Office Supplies,Stainless Steel Scissors,North,53.99,12.57,8,Consumer
CA-2024-100494,2025-05-31,Technology,Anker USB-C Hub,South,155.85,42.6,3,Corporate
CA-2025-100642,2025-06-02,Office Supplies,Stainless Steel Scissors,North,59.59,12.48,7,Home Office
CA-2025-100733,2025-06-02,Technology,Dell XPS 13 Laptop,West,6482.88,1625.34,5,Home Office
CA-2024-100006,2025-06-03,Technology,Anker USB-C Hub,West,56.68,16.95,1,Corporate
CA-2025-100965,2025-06-03,Office Supplies,Stainless Steel Scissors,West,33.17,8.6,4,Consumer
CA-2024-100216,2025-06-04,Furniture,5-Shelf Bookshelf,East,219.54,-12.04,1,Corporate
CA-2024-100656,2025-06-04,Furniture,Unknown Product,West,461.76,-8.05,4,Corporate
CA-2024-101023,2025-06-05,Furniture,Ergonomic Office Chair,South,366.03,16.95,1,Consumer
CA-2024-100617,2025-06-08,Furniture,Ergonomic Office Chair,South,2697.97,128.17,8,Home Office
CA-2024-100316,2025-06-08,Furniture,Standing Desk,North,595.58,11.42,1,Home Office
CA-2024-101036,2025-06-09,Furniture,Solid Wood Coffee Table,East,280.99,22.48,1,Corporate
CA-2024-100321,2025-06-10,Technology,Anker USB-C Hub,East,355.57,117.13,6,Consumer
CA-2025-100566,2025-06-10,Office Supplies,Stainless Steel Scissors,East,55.15,11.3,7,Home Office
CA-2024-100810,2025-06-11,Technology,Netgear Wireless Router,South,1561.94,267.68,8,Corporate
CA-2024-100864,2025-06-12,Technology,Anker USB-C Hub,East,59.25,17.57,1,Home Office
CA-2025-101063,2025-06-13,Office Supplies,Desktop Stapler,West,166.67,36.11,6,Consumer
CA-2024-100847,2025-06-13,Technology,Anker USB-C Hub,South,59.29,15.7,1,Consumer
CA-2024-101105,2025-06-14,Office Supplies,Heavy Duty 3-Ring Binder,West,55.46,9.73,3,Consumer
CA-2024-100395,2025-06-14,Office Supplies,Stainless Steel Scissors,East,8.28,1.81,1,Home Office
CA-2025-100630,2025-06-15,Furniture,Ergonomic Office Chair,South,982.52,56.13,3,Consumer
CA-2024-100259,2025-06-17,Technology,Apple iPad Air,East,6343.67,1530.71,7,Home Office
CA-2025-100372,2025-06-17,Furniture,Adjustable Side Table,East,537.48,-11.63,5,Home Office
CA-2025-100213,2025-06-18,Furniture,5-Shelf Bookshelf,South,1280.03,-68.64,6,Corporate
CA-2024-100341,2025-06-18,Office Supplies,Multi-color Sticky Notes (5-pack),North,23.39,4.86,2,Consumer
CA-2025-101005,2025-06-19,Technology,Dell XPS 13 Laptop,West,8756.32,2418.22,6,Consumer
CA-2025-100703,2025-06-19,Office Supplies,Desktop Stapler,North,50.94,10.63,2,Corporate
CA-2025-101089,2025-06-19,Furniture,Leather Executive Sofa,East,6418.17,580.21,5,Home Office
CA-2024-100591,2025-06-20,Office Supplies,Desktop Stapler,East,81.35,17.36,3,Corporate
CA-2025-100950,2025-06-21,Office Supplies,Multi-color Sticky Notes (5-pack),North,55.31,11.93,5,Corporate
CA-2024-100790,2025-06-22,Office Supplies,Multi-color Sticky Notes (5-pack),East,44.14,9.64,4,Corporate
CA-2025-101138,2025-06-23,Furniture,Solid Wood Coffee Table,North,1309.16,96.73,5,Consumer
CA-2024-101065,2025-06-23,Furniture,Standing Desk,South,1673.62,30.52,3,Corporate
CA-2025-100737,2025-06-23,Technology,Anker USB-C Hub,North,55.58,15.53,1,Consumer
CA-2024-100655,2025-06-24,Technology,HP EliteBook Laptop,North,3664.03,863.95,3,Home Office
CA-2024-100546,2025-06-24,Technology,Netgear Wireless Router,South,973.38,184.67,5,Corporate
CA-2025-101004,2025-06-25,Office Supplies,Gel Pens (12-pack),South,87.63,22.1,6,Corporate
CA-2025-100780,2025-06-26,Technology,Apple iPad Air,East,4226.27,1357.55,5,Corporate
CA-2025-101161,2025-06-27,Office Supplies,Gel Pens (12-pack),North,59.31,13.29,4,Consumer
CA-2025-100104,2025-06-28,Furniture,Standing Desk,South,2408.86,51.43,4,Consumer
CA-2025-100390,2025-06-29,Furniture,5-Shelf Bookshelf,South,227.68,-10.45,1,Corporate
CA-2024-100007,2025-06-29,Technology,HP EliteBook Laptop,West,8997.18,2234.07,7,Home Office
CA-2024-100003,2025-06-30,Office Supplies,Gel Pens (12-pack),South,57.93,15.97,4,Corporate
CA-2025-101118,2025-06-30,Technology,Dell XPS 13 Laptop,South,1396.44,339.53,1,Corporate
CA-2024-100200,2025-07-01,Technology,Anker USB-C Hub,East,110.09,33.06,2,Home Office
CA-2024-100534,2025-07-01,Office Supplies,Desktop Stapler,South,79.34,15.52,3,Corporate
CA-2025-100626,2025-07-03,Furniture,Standing Desk,East,2651.16,55.51,5,Corporate
CA-2025-100601,2025-07-04,Technology,Anker USB-C Hub,East,54.52,15.86,1,Corporate
CA-2024-100652,2025-07-04,Technology,Logitech MX Master 3 Mouse,East,450.02,157.4,3,Home Office
CA-2025-100025,2025-07-05,Office Supplies,Stainless Steel Scissors,West,59.0,13.69,7,Consumer
CA-2024-100049,2025-07-06,Furniture,Solid Wood Coffee Table,North,1466.46,111.64,5,Corporate
CA-2024-101002,2025-07-07,Office Supplies,Desktop Stapler,North,131.65,28.2,5,Consumer
CA-2024-100891,2025-07-08,Office Supplies,Stainless Steel Scissors,West,63.36,14.91,7,Consumer
CA-2024-100635,2025-07-08,Office Supplies,Multi-color Sticky Notes (5-pack),West,60.46,11.47,5,Home Office
CA-2025-100263,2025-07-10,Technology,Netgear Wireless Router,West,1458.29,286.57,8,Home Office
CA-2025-100700,2025-07-11,Technology,Logitech MX Master 3 Mouse,West,835.24,299.37,6,Home Office
CA-2025-100281,2025-07-12,Technology,Anker USB-C Hub,South,995.82,119.99,7,Consumer
CA-2024-100251,2025-07-13,Office Supplies,Premium Printer Paper (Ream),South,20.78,3.5,1,Home Office
CA-2025-100813,2025-07-13,Technology,HP EliteBook Laptop,East,4933.04,1099.04,4,Consumer
CA-2025-100654,2025-07-13,Office Supplies,Gel Pens (12-pack),North,75.66,18.5,5,Corporate
CA-2025-101044,2025-07-14,Technology,Dell XPS 13 Laptop,East,7191.6,1933.4,5,Home Office
CA-2025-100134,2025-07-14,Office Supplies,Gel Pens (12-pack),South,59.015,3.59,1,Home Office
CA-2024-100567,2025-07-14,Furniture,Leather Executive Sofa,North,6388.79,660.94,5,Corporate
CA-2025-100020,2025-07-15,Technology,Logitech MX Master 3 Mouse,West,844.24,290.36,6,Home Office
CA-2025-100885,2025-07-17,Office Supplies,Gel Pens (12-pack),North,89.39,24.29,6,Corporate
CA-2025-100447,2025-07-18,Furniture,Solid Wood Coffee Table,East,828.83,71.11,5,Corporate
CA-2024-100553,2025-07-19,Office Supplies,Gel Pens (12-pack),East,14.13,3.87,1,Home Office
CA-2025-100464,2025-07-19,Technology,HP EliteBook Laptop,East,1231.36,306.82,1,Consumer
CA-2025-100721,2025-07-19,Furniture,Standing Desk,East,2148.14,48.97,4,Home Office
CA-2024-100829,2025-07-20,Furniture,5-Shelf Bookshelf,West,436.46,-19.71,2,Corporate
CA-2024-100832,2025-07-20,Office Supplies,Gel Pens (12-pack),West,59.27,16.4,4,Home Office
CA-2024-100254,2025-07-22,Furniture,Standing Desk,North,1176.46,23.68,2,Home Office
CA-2024-100128,2025-07-22,Technology,Apple iPad Air,West,900.82,286.42,1,Corporate
CA-2024-101159,2025-07-22,Furniture,Ergonomic Office Chair,North,343.18,19.29,1,Home Office
CA-2025-100031,2025-07-23,Technology,Netgear Wireless Router,East,1488.58,274.52,8,Home Office
CA-2024-100318,2025-07-23,Furniture,Adjustable Side Table,West,572.38,-9.88,3,Consumer
CA-2025-100596,2025-07-23,Office Supplies,Desktop Stapler,South,50.42,9.23,2,Consumer
CA-2024-100187,2025-07-24,Office Supplies,Heavy Duty 3-Ring Binder,North,158.13,27.3,8,Home Office
CA-2024-100347,2025-07-25,Office Supplies,Multi-color Sticky Notes (5-pack),East,31.58,12.4,3,Consumer
CA-2025-100174,2025-07-26,Technology,Anker USB-C Hub,East,280.38,93.88,5,Corporate
CA-2025-100823,2025-07-28,Technology,Netgear Wireless Router,South,530.75,106.6,3,Corporate
CA-2024-101069,2025-07-30,Furniture,Leather Executive Sofa,West,5495.04,472.44,4,Consumer
CA-2024-101061,2025-07-30,Technology,Logitech MX Master 3 Mouse,South,453.48,299.37,3,Home Office
CA-2024-100123,2025-07-30,Office Supplies,Stainless Steel Scissors,North,16.38,3.94,2,Consumer
CA-2024-101141,2025-07-31,Technology,HP EliteBook Laptop,North,4596.91,1107.61,4,Corporate
CA-2025-100145,2025-07-31,Furniture,Adjustable Side Table,West,982.92,-21.29,8,Corporate
CA-2025-101106,2025-08-01,Technology,Anker USB-C Hub,North,48.88,15.07,1,Consumer
CA-2024-100831,2025-08-01,Office Supplies,Multi-color Sticky Notes (5-pack),East,30.03,6.74,3,Consumer
CA-2025-100262,2025-08-02,Office Supplies,Gel Pens (12-pack),West,83.91,12.4,7,Home Office
CA-2025-100338,2025-08-02,Office Supplies,Stainless Steel Scissors,West,28.0,7.09,4,Corporate
CA-2024-100482,2025-08-03,Office Supplies,Desktop Stapler,East,47.02,9.28,2,Corporate
CA-2024-100897,2025-08-04,Office Supplies,Desktop Stapler,West,113.46,22.5,5,Corporate
CA-2025-100767,2025-08-04,Furniture,Ergonomic Office Chair,West,1603.12,78.35,5,Consumer
CA-2025-100098,2025-08-04,Office Supplies,Gel Pens (12-pack),South,24.36,5.35,2,Home Office
CA-2025-100914,2025-08-05,Office Supplies,Desktop Stapler,West,166.2,28.7,7,Home Office
CA-2025-101109,2025-08-06,Furniture,Leather Executive Sofa,West,8212.04,924.25,8,Corporate
CA-2024-100270,2025-08-07,Office Supplies,Desktop Stapler,East,22.69,3.98,1,Home Office
CA-2025-100335,2025-08-07,Furniture,5-Shelf Bookshelf,East,724.43,-36.25,4,Consumer
CA-2025-100166,2025-08-08,Office Supplies,Desktop Stapler,West,152.72,34.11,7,Corporate
CA-2025-100540,2025-08-09,Office Supplies,Multi-color Sticky Notes (5-pack),North,37.32,7.02,4,Corporate
CA-2024-101154,2025-08-10,Technology,Apple iPad Air,South,1470.08,393.88,2,Consumer
CA-2024-100502,2025-08-10,Office Supplies,Desktop Stapler,North,24.71,4.94,1,Consumer
CA-2025-100083,2025-08-11,Technology,HP EliteBook Laptop,East,5955.75,1439.61,6,Corporate
CA-2024-100819,2025-08-12,Technology,Apple iPad Air,West,4186.75,1299.06,6,Consumer
CA-2024-100638,2025-08-12,Technology,Dell XPS 13 Laptop,North,9132.88,2432.74,7,Home Office
CA-2024-101143,2025-08-12,Technology,Logitech MX Master 3 Mouse,East,517.53,163.48,4,Home Office
CA-2025-100038,2025-08-13,Technology,HP EliteBook Laptop,South,7552.01,1657.32,7,Consumer
CA-2025-100002,2025-08-14,Technology,Anker USB-C Hub,East,105.06,34.98,2,Consumer
CA-2024-101043,2025-08-15,Technology,Anker USB-C Hub,North,104.31,29.45,2,Consumer
CA-2025-100761,2025-08-15,Furniture,5-Shelf Bookshelf,East,1372.84,-60.71,8,Corporate
CA-2025-100602,2025-08-16,Technology,Anker USB-C Hub,North,159.07,51.95,3,Home Office
CA-2024-100520,2025-08-17,Office Supplies,Premium Printer Paper (Ream),North,134.1,19.89,7,Corporate
CA-2024-100147,2025-08-17,Technology,Netgear Wireless Router,South,160.04,36.47,1,Home Office
CA-2025-100438,2025-08-17,Technology,Anker USB-C Hub,South,147.87,44.13,3,Consumer
CA-2025-100821,2025-08-18,Technology,Logitech MX Master 3 Mouse,East,581.2,190.83,5,Consumer
CA-2025-100982,2025-08-18,Technology,Dell XPS 13 Laptop,East,2537.27,628.05,2,Corporate
CA-2025-101035,2025-08-18,Office Supplies,Premium Printer Paper (Ream),South,17.45,2.66,1,Consumer
CA-2024-100299,2025-08-18,Technology,HP EliteBook Laptop,South,1948.56,387.45,2,Consumer
CA-2025-100824,2025-08-20,Office Supplies,Desktop Stapler,South,70.86,13.48,3,Corporate
CA-2025-101139,2025-08-20,Technology,Logitech MX Master 3 Mouse,East,862.55,323.95,7,Home Office
CA-2025-100669,2025-08-20,Furniture,Leather Executive Sofa,West,3578.02,320.45,3,Corporate
CA-2025-100712,2025-08-22,Office Supplies,Heavy Duty 3-Ring Binder,West,61.53,10.99,4,Consumer
CA-2024-101077,2025-08-23,Technology,HP EliteBook Laptop,South,2112.92,427.49,2,Home Office
CA-2024-100325,2025-08-24,Technology,HP EliteBook Laptop,East,5680.18,1192.59,5,Consumer
CA-2025-100594,2025-08-25,Furniture,Adjustable Side Table,North,97.27,-1.84,1,Corporate
CA-2025-100886,2025-08-25,Furniture,Leather Executive Sofa,North,7774.08,869.97,7,Home Office
CA-2024-100305,2025-08-28,Furniture,Leather Executive Sofa,East,4313.66,422.86,4,Corporate
CA-2025-100333,2025-08-28,Furniture,Solid Wood Coffee Table,North,234.86,18.04,1,Consumer
CA-2024-100391,2025-08-29,Office Supplies,Premium Printer Paper (Ream),West,118.32,19.46,6,Corporate
CA-2024-100952,2025-08-30,Furniture,Solid Wood Coffee Table,West,1077.61,90.58,4,Home Office
CA-2025-100742,2025-08-30,Furniture,Solid Wood Coffee Table,East,496.74,43.94,2,Corporate
CA-2025-100740,2025-08-30,Furniture,Ergonomic Office Chair,East,943.1,49.06,3,Home Office
CA-2024-101048,2025-08-31,Furniture,Solid Wood Coffee Table,East,267.49,19.54,1,Consumer
CA-2024-100346,2025-08-31,Office Supplies,Desktop Stapler,South,112.47,23.12,5,Home Office
CA-2025-100569,2025-08-31,Technology,Dell XPS 13 Laptop,West,4819.09,1320.7,4,Home Office
CA-2024-100179,2025-08-31,Technology,Anker USB-C Hub,East,995.82,92.28,7,Home Office
CA-2024-100688,2025-08-31,Furniture,5-Shelf Bookshelf,North,1448.09,-74.28,8,Corporate
CA-2025-100422,2025-09-01,Office Supplies,Gel Pens (12-pack),West,61.99,14.92,5,Corporate
CA-2025-101064,2025-09-02,Furniture,Leather Executive Sofa,East,6657.99,577.47,6,Consumer
CA-2025-100005,2025-09-02,Technology,Apple iPad Air,South,772.04,191.17,5,Corporate
CA-2024-100091,2025-09-03,Furniture,5-Shelf Bookshelf,West,1422.07,-73.86,8,Consumer
CA-2025-101149,2025-09-04,Technology,Logitech MX Master 3 Mouse,South,788.53,235.76,6,Home Office
CA-2025-100533,2025-09-04,Office Supplies,Multi-color Sticky Notes (5-pack),South,9.37,2.06,1,Corporate
CA-2025-100597,2025-09-05,Furniture,Unknown Product,East,1127.07,-56.9,6,Home Office
CA-2025-100750,2025-09-06,Office Supplies,Heavy Duty 3-Ring Binder,West,84.98,11.3,5,Home Office
CA-2024-100417,2025-09-06,Furniture,Adjustable Side Table,West,647.01,-13.59,6,Consumer
CA-2024-101129,2025-09-07,Furniture,Adjustable Side Table,South,484.7,-10.35,5,Corporate
CA-2024-100701,2025-09-08,Furniture,Standing Desk,North,1597.51,30.45,3,Corporate
CA-2025-100473,2025-09-08,Office Supplies,Premium Printer Paper (Ream),West,151.21,22.63,8,Corporate
CA-2025-101026,2025-09-09,Furniture,Adjustable Side Table,East,633.13,-12.13,6,Consumer
CA-2024-100468,2025-09-09,Technology,Apple iPad Air,East,1147.6,214.26,1,Consumer
CA-2024-100286,2025-09-10,Technology,Netgear Wireless Router,South,650.44,141.77,4,Consumer
CA-2025-100622,2025-09-11,Furniture,Adjustable Side Table,South,599.91,-12.03,6,Consumer
CA-2024-101070,2025-09-11,Technology,HP EliteBook Laptop,West,2016.45,453.28,2,Consumer
CA-2025-100677,2025-09-11,Office Supplies,Gel Pens (12-pack),North,12.42,3.11,1,Home Office
CA-2024-100593,2025-09-11,Furniture,Standing Desk,North,524.38,10.98,1,Corporate
CA-2025-100730,2025-09-12,Office Supplies,Stainless Steel Scissors,North,56.53,11.68,8,Corporate
CA-2024-100787,2025-09-13,Technology,HP EliteBook Laptop,East,8148.52,1741.58,8,Home Office
CA-2024-100451,2025-09-13,Furniture,Standing Desk,West,1509.51,34.29,3,Consumer
CA-2024-100574,2025-09-13,Furniture,Ergonomic Office Chair,South,1512.25,65.57,5,Consumer
CA-2024-100877,2025-09-13,Furniture,Standing Desk,North,1858.28,38.38,4,Home Office
CA-2024-100048,2025-09-13,Furniture,Standing Desk,North,1537.12,34.46,3,Home Office
CA-2024-100059,2025-09-15,Office Supplies,Stainless Steel Scissors,East,40.16,9.21,5,Corporate
CA-2025-100915,2025-09-15,Technology,Netgear Wireless Router,South,1051.95,198.46,6,Home Office
CA-2024-100539,2025-09-15,Furniture,5-Shelf Bookshelf,West,1395.91,-75.71,7,Corporate
CA-2024-100981,2025-09-15,Technology,Dell XPS 13 Laptop,West,2523.43,597.81,2,Consumer
CA-2024-100292,2025-09-16,Furniture,Standing Desk,East,2046.91,36.1,4,Home Office
CA-2025-101113,2025-09-16,Office Supplies,Multi-color Sticky Notes (5-pack),West,85.0,18.14,8,Corporate
CA-2025-100093,2025-09-16,Furniture,Standing Desk,North,2621.84,55.66,5,Corporate
CA-2025-100618,2025-09-16,Office Supplies,Unknown Product,South,38.56,8.41,3,Corporate
CA-2024-100586,2025-09-17,Office Supplies,Desktop Stapler,West,22.76,4.46,1,Corporate
CA-2024-100919,2025-09-17,Office Supplies,Gel Pens (12-pack),East,40.62,8.9,3,Consumer
CA-2024-100803,2025-09-18,Office Supplies,Premium Printer Paper (Ream),North,105.01,15.32,6,Home Office
CA-2024-100280,2025-09-18,Office Supplies,Desktop Stapler,North,21.97,4.47,1,Corporate
CA-2024-100770,2025-09-18,Technology,Dell XPS 13 Laptop,West,6327.55,1656.54,5,Corporate
CA-2025-100951,2025-09-18,Technology,Apple iPad Air,West,3636.41,1003.19,5,Consumer
CA-2025-100260,2025-09-19,Technology,Anker USB-C Hub,West,104.17,27.62,2,Home Office
CA-2025-100966,2025-09-20,Technology,Anker USB-C Hub,South,52.71,17.86,1,Corporate
CA-2025-100723,2025-09-21,Furniture,Ergonomic Office Chair,North,2304.32,116.04,7,Home Office
CA-2025-100396,2025-09-22,Furniture,Leather Executive Sofa,West,8657.08,736.81,8,Corporate
CA-2024-100193,2025-09-22,Office Supplies,Stainless Steel Scissors,West,50.57,13.17,7,Home Office
CA-2025-101019,2025-09-22,Furniture,Ergonomic Office Chair,West,319.11,17.08,1,Home Office
CA-2024-100418,2025-09-23,Technology,Logitech MX Master 3 Mouse,South,118.62,41.5,1,Home Office
CA-2024-100242,2025-09-23,Furniture,Solid Wood Coffee Table,East,471.56,34.68,2,Consumer
CA-2024-100349,2025-09-24,Furniture,Standing Desk,South,1601.47,36.59,3,Consumer
CA-2024-101006,2025-09-24,Office Supplies,Stainless Steel Scissors,West,7.39,1.59,1,Corporate
CA-2024-100222,2025-09-25,Furniture,Standing Desk,East,4105.78,88.63,8,Home Office
CA-2024-100679,2025-09-26,Furniture,Ergonomic Office Chair,East,1917.41,107.84,6,Home Office
CA-2024-100308,2025-09-27,Furniture,Adjustable Side Table,North,601.83,-10.38,6,Consumer
CA-2024-100727,2025-09-27,Technology,Netgear Wireless Router,North,470.98,102.89,3,Corporate
CA-2024-100484,2025-09-27,Office Supplies,Heavy Duty 3-Ring Binder,East,108.39,18.92,7,Consumer
CA-2024-100794,2025-09-28,Technology,Netgear Wireless Router,North,635.29,129.14,4,Consumer
CA-2024-101017,2025-09-29,Technology,Logitech MX Master 3 Mouse,South,372.19,124.35,3,Consumer
CA-2025-100089,2025-09-30,Office Supplies,Multi-color Sticky Notes (5-pack),West,61.07,12.89,6,Corporate
CA-2025-100044,2025-09-30,Office Supplies,Desktop Stapler,North,146.73,32.76,6,Home Office
CA-2025-101194,2025-10-02,Technology,Logitech MX Master 3 Mouse,North,493.53,190.09,4,Home Office
CA-2025-100805,2025-10-02,Furniture,Leather Executive Sofa,West,2371.29,220.31,2,Home Office
CA-2025-100841,2025-10-02,Office Supplies,Gel Pens (12-pack),East,35.73,8.36,3,Home Office
CA-2024-100916,2025-10-02,Technology,HP EliteBook Laptop,East,5356.82,1100.28,5,Consumer
CA-2025-100865,2025-10-03,Furniture,5-Shelf Bookshelf,South,782.12,-40.07,4,Home Office
CA-2024-100629,2025-10-05,Office Supplies,Desktop Stapler,West,180.32,33.68,8,Home Office
CA-2025-101001,2025-10-06,Furniture,5-Shelf Bookshelf,East,195.44,-8.64,1,Home Office
CA-2024-100595,2025-10-08,Furniture,Solid Wood Coffee Table,East,1470.89,126.53,6,Home Office
CA-2025-100176,2025-10-11,Technology,Dell XPS 13 Laptop,North,3793.76,1023.43,3,Consumer
CA-2024-100247,2025-10-11,Office Supplies,Desktop Stapler,North,70.17,14.87,3,Consumer
CA-2025-101148,2025-10-11,Furniture,5-Shelf Bookshelf,East,921.86,-45.9,5,Home Office
CA-2024-100632,2025-10-12,Office Supplies,Unknown Product,West,39.06,9.78,4,Home Office
CA-2025-100424,2025-10-12,Office Supplies,Premium Printer Paper (Ream),South,75.71,12.79,4,Home Office
CA-2024-100414,2025-10-12,Office Supplies,Stainless Steel Scissors,South,7.71,1.6,1,Corporate
CA-2025-100926,2025-10-12,Furniture,Standing Desk,West,4373.31,81.45,8,Corporate
CA-2025-100797,2025-10-14,Office Supplies,Gel Pens (12-pack),North,13.22,3.69,1,Consumer
CA-2025-100506,2025-10-14,Furniture,Adjustable Side Table,West,873.22,-16.53,8,Corporate
CA-2024-100095,2025-10-15,Technology,Dell XPS 13 Laptop,South,2610.23,581.59,2,Home Office
CA-2025-100515,2025-10-16,Technology,Logitech MX Master 3 Mouse,South,808.44,273.7,6,Consumer
CA-2024-101133,2025-10-16,Technology,HP EliteBook Laptop,West,6116.65,1224.57,6,Home Office
CA-2025-100172,2025-10-17,Furniture,5-Shelf Bookshelf,North,810.15,-44.22,4,Consumer
CA-2025-100782,2025-10-21,Technology,Netgear Wireless Router,South,1196.73,216.92,7,Home Office
CA-2024-100340,2025-10-21,Technology,Anker USB-C Hub,East,269.03,90.41,5,Consumer
CA-2025-100419,2025-10-21,Technology,Netgear Wireless Router,North,966.22,176.19,6,Consumer
CA-2024-100907,2025-10-21,Technology,Apple iPad Air,South,5522.79,1535.94,7,Consumer
CA-2025-100605,2025-10-21,Technology,Netgear Wireless Router,North,1352.93,300.68,8,Corporate
CA-2024-100379,2025-10-21,Office Supplies,Heavy Duty 3-Ring Binder,East,132.12,20.35,8,Home Office
CA-2025-100689,2025-10-23,Furniture,Leather Executive Sofa,North,5561.21,598.91,5,Consumer
CA-2025-100096,2025-10-23,Technology,Dell XPS 13 Laptop,West,1355.71,305.89,1,Home Office
CA-2024-100814,2025-10-24,Technology,Logitech MX Master 3 Mouse,South,1092.83,411.31,8,Home Office
CA-2025-100199,2025-10-24,Technology,Anker USB-C Hub,East,47.51,12.35,1,Home Office
CA-2024-100210,2025-10-24,Furniture,Ergonomic Office Chair,East,898.25,45.08,3,Home Office
CA-2024-100170,2025-10-24,Technology,Anker USB-C Hub,North,53.84,18.42,1,Corporate
CA-2025-100125,2025-10-25,Technology,Anker USB-C Hub,West,148.53,43.57,3,Consumer
CA-2025-100490,2025-10-26,Furniture,Leather Executive Sofa,North,6448.27,582.11,6,Home Office
CA-2024-100649,2025-10-26,Furniture,Adjustable Side Table,North,747.49,-14.42,7,Consumer
CA-2024-100606,2025-10-27,Technology,Logitech MX Master 3 Mouse,South,528.93,177.55,4,Home Office
CA-2025-100592,2025-10-30,Office Supplies,Heavy Duty 3-Ring Binder,East,84.31,15.35,5,Home Office
CA-2024-100440,2025-10-30,Office Supplies,Desktop Stapler,South,189.51,33.58,8,Corporate
CA-2025-100052,2025-11-01,Technology,Apple iPad Air,South,6356.03,1750.16,6,Consumer
CA-2024-100851,2025-11-01,Furniture,Solid Wood Coffee Table,East,1871.1,141.38,5,Home Office
CA-2025-100904,2025-11-01,Office Supplies,Stainless Steel Scissors,North,61.49,13.79,6,Home Office
CA-2025-100923,2025-11-01,Office Supplies,Stainless Steel Scissors,North,11.14,2.67,1,Consumer
CA-2025-100673,2025-11-03,Furniture,Adjustable Side Table,North,153.57,-2.63,1,Consumer
CA-2024-100924,2025-11-04,Office Supplies,Multi-color Sticky Notes (5-pack),North,93.07,22.85,6,Consumer
CA-2025-100241,2025-11-04,Furniture,Solid Wood Coffee Table,North,682.7,61.51,2,Corporate
CA-2025-100523,2025-11-04,Office Supplies,Heavy Duty 3-Ring Binder,West,75.81,14.29,3,Consumer
CA-2025-100443,2025-11-04,Technology,HP EliteBook Laptop,East,11861.59,2602.07,8,Corporate
CA-2024-100240,2025-11-05,Office Supplies,Desktop Stapler,South,170.82,35.61,5,Consumer
CA-2025-100581,2025-11-05,Office Supplies,Heavy Duty 3-Ring Binder,East,71.25,12.19,3,Corporate
CA-2024-100657,2025-11-06,Furniture,Standing Desk,West,2095.19,38.71,3,Corporate
CA-2025-100866,2025-11-06,Technology,Dell XPS 13 Laptop,West,5164.18,1363.65,3,Home Office
CA-2025-100839,2025-11-07,Technology,Dell XPS 13 Laptop,East,12148.92,3413.8,7,Consumer
CA-2024-100370,2025-11-07,Office Supplies,Gel Pens (12-pack),East,91.35,25.48,5,Home Office
CA-2025-100295,2025-11-07,Technology,Logitech MX Master 3 Mouse,East,1383.66,503.57,8,Home Office
CA-2024-100287,2025-11-07,Furniture,Adjustable Side Table,West,151.58,-3.26,1,Home Office
CA-2025-100558,2025-11-07,Technology,Logitech MX Master 3 Mouse,West,1335.69,401.43,7,Corporate
CA-2025-100252,2025-11-09,Office Supplies,Premium Printer Paper (Ream),East,119.7,18.0,4,Home Office
CA-2024-101176,2025-11-09,Furniture,Standing Desk,South,698.48,15.35,1,Home Office
CA-2024-100670,2025-11-10,Technology,Apple iPad Air,East,7760.42,2347.06,7,Corporate
CA-2025-100043,2025-11-10,Office Supplies,Gel Pens (12-pack),East,117.74,32.74,6,Home Office
CA-2025-100676,2025-11-11,Technology,Netgear Wireless Router,East,458.05,97.61,2,Consumer
CA-2024-100988,2025-11-12,Technology,Logitech MX Master 3 Mouse,North,756.36,283.54,4,Home Office
CA-2025-100411,2025-11-13,Technology,Anker USB-C Hub,South,415.24,109.82,6,Home Office
CA-2024-100834,2025-11-13,Office Supplies,Desktop Stapler,South,291.41,63.83,8,Consumer
CA-2024-100455,2025-11-13,Technology,Apple iPad Air,East,9338.01,2782.75,8,Corporate
CA-2024-100014,2025-11-14,Office Supplies,Premium Printer Paper (Ream),West,80.47,12.45,3,Consumer
CA-2025-100836,2025-11-14,Office Supplies,Premium Printer Paper (Ream),West,29.17,4.93,1,Home Office
CA-2024-101013,2025-11-16,Office Supplies,Multi-color Sticky Notes (5-pack),West,69.99,15.03,5,Consumer
CA-2025-100058,2025-11-17,Technology,Apple iPad Air,South,5443.89,1559.92,5,Consumer
CA-2025-100576,2025-11-19,Furniture,Adjustable Side Table,North,1027.52,-21.58,7,Consumer
CA-2024-100021,2025-11-19,Furniture,Standing Desk,West,6057.73,130.91,8,Consumer
CA-2024-101100,2025-11-20,Office Supplies,Multi-color Sticky Notes (5-pack),South,107.43,26.94,7,Home Office
CA-2025-100221,2025-11-20,Office Supplies,Premium Printer Paper (Ream),West,118.6,16.56,4,Corporate
CA-2025-100243,2025-11-21,Furniture,Adjustable Side Table,East,1042.9,-21.84,7,Consumer
CA-2025-100910,2025-11-24,Technology,Logitech MX Master 3 Mouse,East,1306.11,421.89,7,Home Office
CA-2025-100431,2025-11-25,Furniture,Standing Desk,South,1454.62,32.92,2,Home Office
CA-2025-100018,2025-11-26,Office Supplies,Premium Printer Paper (Ream),East,129.4,19.97,5,Consumer
CA-2025-100477,2025-11-27,Furniture,Solid Wood Coffee Table,North,1077.94,75.68,3,Consumer
CA-2025-100389,2025-11-28,Office Supplies,Desktop Stapler,South,37.43,7.09,1,Home Office
CA-2025-100544,2025-11-28,Furniture,Ergonomic Office Chair,North,2724.02,132.45,6,Consumer
CA-2025-100236,2025-11-28,Furniture,5-Shelf Bookshelf,East,537.48,-27.99,2,Home Office
CA-2024-100169,2025-11-28,Technology,HP EliteBook Laptop,South,12860.45,2701.78,8,Corporate
CA-2024-100647,2025-11-29,Furniture,Ergonomic Office Chair,North,3690.41,199.15,8,Consumer
CA-2025-100385,2025-11-29,Furniture,Adjustable Side Table,South,1077.94,-17.25,6,Consumer
CA-2024-100903,2025-11-29,Technology,Dell XPS 13 Laptop,West,11861.69,2573.56,6,Corporate
CA-2024-100284,2025-12-01,Office Supplies,Multi-color Sticky Notes (5-pack),North,14.84,3.28,1,Consumer
CA-2025-100599,2025-12-01,Technology,Logitech MX Master 3 Mouse,South,556.3,207.73,3,Home Office
CA-2025-100706,2025-12-02,Furniture,Ergonomic Office Chair,East,2350.89,102.84,5,Consumer
CA-2025-100817,2025-12-03,Furniture,Solid Wood Coffee Table,East,1987.72,143.56,5,Consumer
CA-2025-100339,2025-12-04,Office Supplies,Gel Pens (12-pack),West,17.91,4.92,1,Consumer
CA-2024-100505,2025-12-05,Technology,Logitech MX Master 3 Mouse,East,909.14,328.96,5,Corporate
CA-2024-100789,2025-12-05,Furniture,5-Shelf Bookshelf,South,602.12,-33.79,2,Home Office
CA-2024-100466,2025-12-05,Furniture,Adjustable Side Table,West,712.29,-14.8,5,Consumer
CA-2024-100257,2025-12-05,Furniture,Standing Desk,South,2369.74,47.27,3,Home Office
CA-2025-100375,2025-12-06,Furniture,Adjustable Side Table,West,1237.15,-21.99,8,Home Office
CA-2025-100063,2025-12-07,Furniture,Ergonomic Office Chair,East,3286.14,159.17,7,Corporate
CA-2025-100361,2025-12-08,Office Supplies,Stainless Steel Scissors,North,10.65,2.8,1,Consumer
CA-2024-100343,2025-12-08,Office Supplies,Gel Pens (12-pack),South,119.4,31.51,6,Home Office
CA-2025-100521,2025-12-08,Furniture,Ergonomic Office Chair,East,1417.35,80.8,3,Consumer
CA-2025-100406,2025-12-08,Office Supplies,Premium Printer Paper (Ream),East,90.58,15.6,3,Consumer
CA-2024-100698,2025-12-09,Technology,HP EliteBook Laptop,South,1590.43,384.58,1,Corporate
CA-2024-100702,2025-12-10,Furniture,Ergonomic Office Chair,East,947.51,43.89,2,Home Office
CA-2024-100478,2025-12-10,Furniture,Leather Executive Sofa,South,10348.56,940.08,6,Consumer
CA-2025-100081,2025-12-11,Furniture,Standing Desk,West,6470.58,141.47,8,Corporate
CA-2025-101135,2025-12-11,Furniture,5-Shelf Bookshelf,East,581.52,-29.91,2,Home Office
CA-2024-100604,2025-12-12,Technology,HP EliteBook Laptop,North,5889.34,1183.58,4,Corporate
CA-2024-100775,2025-12-12,Technology,Dell XPS 13 Laptop,East,5218.81,1179.37,3,Corporate
CA-2024-101199,2025-12-12,Furniture,Ergonomic Office Chair,West,3525.85,152.97,8,Corporate
CA-2025-100133,2025-12-12,Furniture,Leather Executive Sofa,North,3497.2,345.36,2,Consumer
CA-2024-100507,2025-12-12,Technology,Dell XPS 13 Laptop,East,7456.45,1799.83,4,Consumer
CA-2025-100167,2025-12-13,Office Supplies,Heavy Duty 3-Ring Binder,West,140.69,24.69,6,Home Office
CA-2025-100945,2025-12-13,Office Supplies,Multi-color Sticky Notes (5-pack),South,86.08,19.72,6,Home Office
CA-2025-101009,2025-12-14,Office Supplies,Desktop Stapler,South,67.98,12.98,4,Consumer
CA-2024-101098,2025-12-14,Office Supplies,Stainless Steel Scissors,South,70.6,17.64,6,Consumer
CA-2025-100040,2025-12-16,Furniture,Ergonomic Office Chair,West,472.92,20.76,1,Consumer
CA-2024-101110,2025-12-17,Office Supplies,Desktop Stapler,North,262.52,48.91,7,Consumer
CA-2025-101099,2025-12-17,Technology,Netgear Wireless Router,South,926.89,286.83,4,Corporate
CA-2024-100917,2025-12-18,Technology,Anker USB-C Hub,East,323.28,90.5,4,Consumer
CA-2025-100051,2025-12-18,Furniture,Adjustable Side Table,East,810.38,-14.34,5,Consumer
CA-2024-100114,2025-12-20,Technology,Dell XPS 13 Laptop,South,3994.16,1124.1,2,Corporate
CA-2025-100036,2025-12-20,Furniture,Ergonomic Office Chair,North,1855.87,94.03,4,Home Office
CA-2024-100580,2025-12-20,Furniture,5-Shelf Bookshelf,West,1316.5,-71.22,5,Home Office
CA-2024-100427,2025-12-21,Technology,HP EliteBook Laptop,West,6067.33,1158.21,4,Consumer
CA-2024-101012,2025-12-22,Office Supplies,Desktop Stapler,East,306.52,58.05,8,Home Office
CA-2025-100537,2025-12-23,Office Supplies,Desktop Stapler,East,138.37,28.11,4,Consumer
CA-2024-100367,2025-12-24,Technology,Apple iPad Air,East,2373.82,573.34,2,Home Office
CA-2025-100572,2025-12-24,Furniture,5-Shelf Bookshelf,North,1210.64,-68.62,4,Consumer
CA-2025-100633,2025-12-26,Office Supplies,Stainless Steel Scissors,West,20.96,4.9,2,Home Office
CA-2025-100958,2025-12-28,Office Supplies,Gel Pens (12-pack),North,59.93,15.67,3,Home Office
CA-2025-100351,2025-12-28,Office Supplies,Desktop Stapler,North,107.27,24.5,3,Corporate
CA-2025-100514,2025-12-28,Furniture,Solid Wood Coffee Table,South,355.41,27.67,1,Corporate
CA-2025-100365,2025-12-29,Furniture,Leather Executive Sofa,South,8735.69,765.12,5,Home Office
CA-2025-100686,2025-12-29,Technology,Logitech MX Master 3 Mouse,South,183.15,70.35,1,Consumer
CA-2025-100399,2025-12-29,Technology,Dell XPS 13 Laptop,West,13596.58,3213.5,7,Consumer
CA-2025-100217,2025-12-29,Office Supplies,Heavy Duty 3-Ring Binder,South,116.38,22.73,5,Consumer
CA-2024-100758,2025-12-30,Office Supplies,Multi-color Sticky Notes (5-pack),North,32.02,7.58,2,Home Office
